id,module,severity,type,title,evidence,file_line,reproduction,business_impact,recommendation,fix_risk
"AA-001","Productos","HIGH","data_integrity","Guardado de producto no atomico","Producto se persiste antes que atributos e imagenes; un fallo posterior deja estado parcial","app/admin/productos/actions.ts:190,287,566,613","Simular fallo de atributos o Storage despues del update principal","Producto parcialmente actualizado o atributos perdidos","RPC transaccional para producto y atributos; uploads compensables","MEDIUM_HIGH"
"AA-002","Productos/Compras","HIGH","commercial_integrity","Costo manual conserva procedencia de compra incorrecta","El update acepta cost pero no limpia ni actualiza cost_source_purchase_item_id","app/admin/productos/actions.ts:132,617","Editar cost de un producto con cost_source_purchase_item_id","Margen y trazabilidad de costo incorrectos","Hacer cost read-only o usar accion explicita con procedencia y motivo","MEDIUM"
"AA-003","Compras","HIGH","business_rule","Compras acepta productos draft o archived","Selector y validaciones excluyen historicos pero no exigen status active","services/purchases.ts:85-92,345","Buscar/agregar un producto normal archived a un borrador","Compra puede reactivar economicamente un producto retirado y cambiar stock/cost","Filtrar UI, servicio y RPC por status active","LOW_MEDIUM"
"AA-004","Compras/Productos","HIGH","publication","Alta rapida crea producto active con price 0","Inline create usa status active, price 0 y short_description vacia","services/purchases.ts:196-205","Crear producto desde una compra y revisar catalogo","Producto sin precio comercial puede quedar publico","Crear draft y exigir precio valido antes de activar","LOW"
"AA-005","Ventas/Inventario","HIGH","transactionality","Pago y descuento de stock son operaciones separadas","La accion registra pago y luego completa la venta; puede fallar por stock","app/admin/ventas/actions.ts; services/store-sales.ts:173-187","Completar pago cuando el stock ya no alcanza","Venta pagada sin descuento ni movimiento de inventario","RPC atomica o estado paid_inventory_pending recuperable e idempotente","HIGH"
"AA-006","Dashboard/Analytics","HIGH","reporting_accuracy","Historial y operacion se mezclan en indicadores","getAdminOrders no excluye historical_import y analytics usa created_at de importacion","services/admin.ts:196,407-424,467","Comparar dashboard con historical_import=false","Facturacion y ventas del mes materialmente incorrectas","Separar vistas y usar historical_occurred_on para historia","MEDIUM"
"AA-007","Compras","HIGH","functional_ux","Listado normal incluye compras historicas","listPurchases no filtra historical_import","services/purchases.ts:227-248","Abrir /admin/compras con historial importado","180 historicas entierran 2 compras operativas","Excluir historia por defecto y ofrecer vista separada","LOW"
"AA-008","Productos","MEDIUM","stale_ui","Estado guardado no se reconcilia con UI","Select usa defaultValue; accion no devuelve fila persistida; depende de router.refresh","components/admin/products/product-form.tsx:373,405-423,550-551; app/admin/productos/actions.ts:617,645","Cambiar status y observar confirmacion/refresh","Reenvios y percepcion de que el cambio no se guardo","Select controlado y update con select de status/updated_at","LOW"
"AA-009","Ventas","MEDIUM","validation_order","Sobrepago se valida despues de crear venta","La venta puede persistirse antes del rechazo de pagos","app/admin/ventas/actions.ts","Enviar pagos cuya suma exceda el total","Orden incompleta creada por un submit fallido","Validar antes o unificar en RPC","MEDIUM"
"AA-010","Ventas/Pagos","MEDIUM","transactionality","Pagos multiples se procesan secuencialmente","Un fallo tardio conserva pagos anteriores","app/admin/ventas/actions.ts","Hacer fallar el segundo pago de un lote","Resultado parcial dificil de explicar y recuperar","RPC de lote o resultado parcial explicito e idempotente","MEDIUM"
"AA-011","Imagenes","MEDIUM","data_quality","Duplicados reales de imagenes","Dubai night tiene 27 objetos del mismo contenido; tambien hay pares en Hawas/Yara Tous","Supabase Storage/product_images read-only audit","Agrupar por producto, size y eTag","Storage y galeria duplicados; riesgo de borrar referencia equivocada","Cleanup controlado por hash con snapshot y eleccion canonica","MEDIUM"
"AA-012","Imagenes","MEDIUM","db_storage_consistency","Borrado puede dejar objeto huerfano","Se borra DB antes que Storage y el fallo de Storage solo genera warning","app/admin/productos/actions.ts:913+","Simular fallo de remove luego del delete DB","Objeto sin referencia; existe uno confirmado en Production","Borrar Storage primero o cola durable de cleanup","MEDIUM"
"AA-013","Imagenes","MEDIUM","atomicity","Set primary usa dos escrituras","Primero limpia primary y luego marca la elegida","app/admin/productos/actions.ts:795-817","Fallar la segunda query","Producto con imagenes pero sin principal","RPC transaccional con lock por producto","LOW_MEDIUM"
"AA-014","Imagenes","MEDIUM","concurrency","Reordenamiento usa tres updates","Compensacion best-effort no cubre fallos/concurrencia","app/admin/productos/actions.ts:861-900","Interrumpir o ejecutar dos reorder concurrentes","sort_order duplicado o galeria incoherente","RPC que aplique orden completo en transaccion","MEDIUM"
"AA-015","Catalogo/Cache","MEDIUM","cache","Revalidacion incompleta","No revalida home, sitemap ni slug anterior","app/admin/productos/actions.ts:312-318","Cambiar slug/status y consultar rutas cacheadas","Catalogo o sitemap obsoleto tras exito","Centralizar tags y revalidar rutas vieja/nueva, home y sitemap","LOW"
"AA-016","Ventas/Pedidos/Inventario","MEDIUM","timezone","Filtros diarios usan limites UTC","Se construye T00:00:00Z-T23:59:59Z para negocio America/Buenos_Aires","services/store-sales.ts:209-213; services/customer-orders.ts:194; services/inventory.ts:166-172","Crear caso limite 21:30/00:30 local en test","Operacion aparece en dia incorrecto","Convertir dia local a rango UTC y testear","LOW"
"AA-017","Listados","MEDIUM","scalability","Limites duros sin paginacion","Ventas 100, pedidos/inventario 200; busqueda posterior al limite","services/store-sales.ts:199; services/customer-orders.ts:189-200; services/inventory.ts:154","Buscar un registro anterior al limite","Registros validos invisibles","Paginacion y filtros server-side antes de range","MEDIUM"
"AA-018","Admin UX","MEDIUM","error_handling","Feedback de acciones inconsistente","Varias acciones lanzan/redirect sin estado inline recuperable","app/admin/compras/actions.ts:98-128; app/admin/productos/actions.ts","Provocar un error de compra o imagen","Pantalla generica, input perdido o accion poco clara","Contrato ActionState comun con pending/error/success","LOW_MEDIUM"
"AA-019","Catalogo","MEDIUM","architecture","Taxonomia publica cerrada en perfumes/mates","Todo activo no perfume se mapea semanticamente a mates","lib/catalog/public-product-visibility.ts:1,25; types/product.ts:1","Clasificar Electronica o Vasos Termicos","Navegacion/categoria publica semanticamente incorrecta","Resolver secciones desde categorias/config dinamica","MEDIUM_HIGH"
"AA-020","Productos/Categorias","MEDIUM","validation","Producto activo puede usar categoria inactiva","Formulario lista todas y servidor solo valida existencia","admin product form and app/admin/productos/actions.ts","Asignar categoria inactiva a producto active","Producto desaparece del catalogo sin explicacion","Bloquear server-side y deshabilitar en UI","LOW"
"AA-021","Productos","MEDIUM","commercial_validation","No se validan relaciones monetarias","Solo se exige no negativo; no hay reglas de price/transfer/compare_at","app/admin/productos/actions.ts","Guardar transfer_price mayor/absurdo o active price 0","Margen y presentacion comercial incorrectos","Validaciones server-side dependientes de status","LOW_MEDIUM"
"AA-022","Imagenes/Infra","LOW","operations_security","Request de producto puede crear bucket","ensureProductImagesBucket provisiona Storage en runtime","app/admin/productos/actions.ts:383-409","Guardar cuando bucket falta","Infraestructura mutada desde request normal","Provisionar por migration/setup; runtime solo verifica","LOW"
"AA-023","Compras/Productos","LOW","input_validation","Busqueda por nombre interpreta comodines ILIKE","Entrada con %/_ cambia semantica y limit(1) elige arbitrariamente","services/purchases.ts findPurchaseProductByName","Buscar nombre con % o duplicado","Producto incorrecto asociado","Nombre normalizado exacto o seleccion obligatoria por id","LOW"
"AA-024","Observabilidad","LOW","observability","Mutaciones sin logs estructurados","Vercel solo muestra POST 200, no resultado persistido","Admin server actions","Correlacionar dos submits iguales en logs","Diagnostico lento y sin trazabilidad de resultado","Logs estructurados sin secretos con action/entity/outcome/duration","LOW"
"AA-025","Tests","LOW","testing","Cobertura critica mayormente estructural","451 tests pasan, varios inspeccionan fuente con regex","tests/*.test.mjs","Revisar tests de acciones, fallos parciales y Storage","Regresiones de integracion pueden compilar y pasar tests","Tests de integracion de Server Actions, RPC y DB/Storage","LOW"
"AA-026","Productos","MEDIUM","identity_integrity","Dos identidades activas de Lattafa Yara Rosa","IDs 05b34469... y f1cb2323... con slugs distintos","Supabase products read-only audit","Buscar nombre normalizado Yara Rosa","Stock, compras, ventas y analytics fragmentados","Revision humana y plan de consolidacion de referencias","HIGH"
"AA-027","Seguridad","LOW","defense_in_depth","Amplio uso de service role en admin","Guards son correctos pero las escrituras eluden RLS","Admin services/actions","Auditar cada export de accion sin guard","Un guard omitido ampliaria el impacto","Test automatico de guards y RPCs de privilegio minimo","MEDIUM"
