id,name,slug,category,status,stock,cost,cost_status,latest_confirmed_purchase_cost,latest_confirmed_purchase_at,price,transfer_price,margin_price_pct,margin_transfer_pct,description_status,description_reason,attributes_status,attributes_reason,images_count,images_status,completeness,issues,suggested_action,priority
327acf40-9888-42fc-9dee-dd94bab88db5,5 Camioneros de algarrobo + 5 Bombillas Chatas,5-camioneros-de-algarrobo-5-bombillas-chatas,Bombillas,draft,5,7700,COST_WITHOUT_PURCHASE_SOURCE,,,25000,19250,224.68,150,DESCRIPTION_GOOD,Descripcion extensa y especifica.,ATTRIBUTES_OK,Cubre los atributos esperados para la categoria.,0,NO_IMAGES,71,COST_WITHOUT_PURCHASE_SOURCE|NO_IMAGES|DRAFT_WITH_STOCK,Revisar costo contra la ultima compra confirmada.,MEDIUM
d939a0e1-0554-4ce1-bd40-bca029bf6eb6,Acqua di Gio Armani Premium Caballero 100ml,acqua-di-gio-armani-premium-caballero-100ml,Accesorios,draft,0,18900,COST_WITHOUT_PURCHASE_SOURCE,,,73636,56700,289.61,200,DESCRIPTION_GOOD,Descripcion extensa y especifica.,ATTRIBUTES_OK,Cubre los atributos esperados para la categoria.,0,NO_IMAGES,71,COST_WITHOUT_PURCHASE_SOURCE|NO_IMAGES,Revisar costo contra la ultima compra confirmada.,MEDIUM
6de8ca53-7561-4353-b3f6-99b6da9a9c3c,Afnan 9 AM DIVE,afnan-9-am-dive,Perfumes,active,0,42190,COST_WITHOUT_PURCHASE_SOURCE,,,87667.53,67504,107.79,60,DESCRIPTION_GOOD,Descripcion extensa y especifica.,ATTRIBUTES_INCOMPLETE,Faltan: brand.,0,NO_IMAGES,57,COST_WITHOUT_PURCHASE_SOURCE|ATTRIBUTES_INCOMPLETE|NO_IMAGES|ACTIVE_WITHOUT_IMAGE|ACTIVE_WITH_INCOMPLETE_ATTRIBUTES,Revisar costo contra la ultima compra confirmada.,HIGH
9c07ceb2-4d7a-407c-898b-e0cb43fc008e,Afnan 9 PM Elixir,afnan-9-pm-elixir,Perfumes,active,0,68000,COST_WITHOUT_PURCHASE_SOURCE,,,132467.53,102000,94.81,50,DESCRIPTION_GOOD,Descripcion extensa y especifica.,ATTRIBUTES_OK,Cubre los atributos esperados para la categoria.,1,ONLY_ONE_IMAGE,86,COST_WITHOUT_PURCHASE_SOURCE|ONLY_ONE_IMAGE,Revisar costo contra la ultima compra confirmada.,MEDIUM
32ccb5e4-1854-4f3d-9b33-136ae2c2502a,Afnan Turathi Blue,afnan-turathi-blue,Perfumes,active,0,51041.5,COST_WITHOUT_PURCHASE_SOURCE,,,99431.49,76562.25,94.81,50,DESCRIPTION_GOOD,Descripcion extensa y especifica.,ATTRIBUTES_INCOMPLETE,Faltan: brand.,0,NO_IMAGES,57,COST_WITHOUT_PURCHASE_SOURCE|ATTRIBUTES_INCOMPLETE|NO_IMAGES|ACTIVE_WITHOUT_IMAGE|ACTIVE_WITH_INCOMPLETE_ATTRIBUTES,Revisar costo contra la ultima compra confirmada.,HIGH
e73c5890-d0a0-4805-a558-cb3b7030ab30,AIRPODS PRO 2,airpods-pro-2,Electrónica,draft,0,15682.9,COST_WITHOUT_PURCHASE_SOURCE,,,50918.51,39207.25,224.68,150,DESCRIPTION_GOOD,Descripcion extensa y especifica.,ATTRIBUTES_INCOMPLETE,"Faltan: brand, model, connectivity.",0,NO_IMAGES,57,COST_WITHOUT_PURCHASE_SOURCE|ATTRIBUTES_INCOMPLETE|NO_IMAGES,Revisar costo contra la ultima compra confirmada.,MEDIUM
44913241-9d16-4ba5-ad8a-56c34307a571,AIRPODS PRO MAX,airpods-pro-max,Electrónica,draft,0,25500,COST_WITHOUT_PURCHASE_SOURCE,,,66233.77,51000,159.74,100,DESCRIPTION_GOOD,Descripcion extensa y especifica.,ATTRIBUTES_INCOMPLETE,"Faltan: brand, model, connectivity.",0,NO_IMAGES,57,COST_WITHOUT_PURCHASE_SOURCE|ATTRIBUTES_INCOMPLETE|NO_IMAGES,Revisar costo contra la ultima compra confirmada.,MEDIUM
469e3f38-36cc-45fd-bc6e-5bd558d3acf1,Al Haramain Amber Oud Gold Edition,al-haramain-amber-oud-gold-edition,Perfumes,active,0,78432.9,COST_WITHOUT_PURCHASE_SOURCE,,,162977.45,125492.64,107.79,60,DESCRIPTION_GOOD,Descripcion extensa y especifica.,ATTRIBUTES_INCOMPLETE,Faltan: brand.,0,NO_IMAGES,57,COST_WITHOUT_PURCHASE_SOURCE|ATTRIBUTES_INCOMPLETE|NO_IMAGES|ACTIVE_WITHOUT_IMAGE|ACTIVE_WITH_INCOMPLETE_ATTRIBUTES,Revisar costo contra la ultima compra confirmada.,HIGH
66c152aa-98db-4827-b4c7-fdc2721da2a6,Al Haramain dubai night,al-haramain-dubai-night,Perfumes,active,1,69205.5,COST_WITHOUT_PURCHASE_SOURCE,,,143803.64,110728.8,107.79,60,DESCRIPTION_GENERIC,Contiene texto comercial intercambiable entre productos.,ATTRIBUTES_INCOMPLETE,"Faltan: brand, gender, intensity.",26,IMAGES_OK,57,COST_WITHOUT_PURCHASE_SOURCE|DESCRIPTION_GENERIC|ATTRIBUTES_INCOMPLETE|ACTIVE_WITHOUT_USEFUL_DESCRIPTION|ACTIVE_WITH_INCOMPLETE_ATTRIBUTES,Revisar costo contra la ultima compra confirmada.,HIGH
92a1da75-72be-42ad-891f-753273b34460,AURICULAR JBL HARMAN,auricular-jbl-harman,Electrónica,draft,0,17660,COST_WITHOUT_PURCHASE_SOURCE,,,45870.13,35320,159.74,100,DESCRIPTION_GOOD,Descripcion extensa y especifica.,ATTRIBUTES_INCOMPLETE,"Faltan: brand, model, connectivity.",0,NO_IMAGES,57,COST_WITHOUT_PURCHASE_SOURCE|ATTRIBUTES_INCOMPLETE|NO_IMAGES,Revisar costo contra la ultima compra confirmada.,MEDIUM
b99f0fd0-fa59-4635-8d26-1c3b65040923,Auricular prueba,auricular-prueba,Regalos,active,8,10214.29,COST_OK,10214.29,2026-09-17T20:34:34.380179+00:00,0,,-100,,DESCRIPTION_MISSING,No tiene descripcion.,ATTRIBUTES_MISSING,Faltan: type.,0,NO_IMAGES,43,DESCRIPTION_MISSING|ATTRIBUTES_MISSING|NO_IMAGES|PRICE_INVALID|LIST_MARGIN_NEGATIVE|ACTIVE_WITHOUT_SELLABLE_PRICE|ACTIVE_WITHOUT_USEFUL_DESCRIPTION|ACTIVE_WITHOUT_IMAGE|ACTIVE_WITH_INCOMPLETE_ATTRIBUTES,Revisar precios y margen antes de vender.,CRITICAL
db40494d-a08b-4a96-9746-70d6a3ac518b,Auriculares Inalámbricos In-Ear A6S,auriculares-inalambricos-in-ear-a6s,Electrónica,draft,0,5845,COST_WITHOUT_PURCHASE_SOURCE,,,26568.18,20457.5,354.55,250,DESCRIPTION_GOOD,Descripcion extensa y especifica.,ATTRIBUTES_INCOMPLETE,"Faltan: brand, model, connectivity.",0,NO_IMAGES,57,COST_WITHOUT_PURCHASE_SOURCE|ATTRIBUTES_INCOMPLETE|NO_IMAGES,Revisar costo contra la ultima compra confirmada.,MEDIUM
724f97e4-581a-41c9-88d4-ab3e3dbb98df,Autocebante 2 en 1,autocebante-2-en-1,Accesorios,draft,1,13500,COST_WITHOUT_PURCHASE_SOURCE,,,35064.94,27000,159.74,100,DESCRIPTION_GOOD,Descripcion extensa y especifica.,ATTRIBUTES_OK,Cubre los atributos esperados para la categoria.,0,NO_IMAGES,71,COST_WITHOUT_PURCHASE_SOURCE|NO_IMAGES|DRAFT_WITH_STOCK,Revisar costo contra la ultima compra confirmada.,MEDIUM
54295ff4-ea05-4e7d-8f53-2924ccf16f9c,Badee Al Oud For Glory (Black),badee-al-oud-for-glory-black,Perfumes,active,0,37764.25,COST_WITHOUT_PURCHASE_SOURCE,,,73566.72,56646.38,94.81,50,DESCRIPTION_GOOD,Descripcion extensa y especifica.,ATTRIBUTES_INCOMPLETE,Faltan: brand.,0,NO_IMAGES,57,COST_WITHOUT_PURCHASE_SOURCE|ATTRIBUTES_INCOMPLETE|NO_IMAGES|ACTIVE_WITHOUT_IMAGE|ACTIVE_WITH_INCOMPLETE_ATTRIBUTES,Revisar costo contra la ultima compra confirmada.,HIGH
03596366-fc4a-4d1a-b6f6-59eba47d2f66,BATTERY PACK,battery-pack,Electrónica,draft,0,14650,COST_WITHOUT_PURCHASE_SOURCE,,,47564.94,36625,224.68,150,DESCRIPTION_GOOD,Descripcion extensa y especifica.,ATTRIBUTES_INCOMPLETE,"Faltan: brand, model, connectivity.",0,NO_IMAGES,57,COST_WITHOUT_PURCHASE_SOURCE|ATTRIBUTES_INCOMPLETE|NO_IMAGES,Revisar costo contra la ultima compra confirmada.,MEDIUM
5b729e4c-e54e-4e59-985f-42e3ce60e30d,BHARARA King,bharara-king,Perfumes,active,0,75629,COST_WITHOUT_PURCHASE_SOURCE,,,147329.22,113443.5,94.81,50,DESCRIPTION_GOOD,Descripcion extensa y especifica.,ATTRIBUTES_INCOMPLETE,Faltan: brand.,0,NO_IMAGES,57,COST_WITHOUT_PURCHASE_SOURCE|ATTRIBUTES_INCOMPLETE|NO_IMAGES|ACTIVE_WITHOUT_IMAGE|ACTIVE_WITH_INCOMPLETE_ATTRIBUTES,Revisar costo contra la ultima compra confirmada.,HIGH
72917d13-012c-4ea2-a05a-7c324ef38b3c,BHARARA King Parfum,bharara-king-parfum,Perfumes,active,0,78921.5,COST_WITHOUT_PURCHASE_SOURCE,,,153743.18,118382.25,94.81,50,DESCRIPTION_GOOD,Descripcion extensa y especifica.,ATTRIBUTES_INCOMPLETE,Faltan: brand.,0,NO_IMAGES,57,COST_WITHOUT_PURCHASE_SOURCE|ATTRIBUTES_INCOMPLETE|NO_IMAGES|ACTIVE_WITHOUT_IMAGE|ACTIVE_WITH_INCOMPLETE_ATTRIBUTES,Revisar costo contra la ultima compra confirmada.,HIGH
be8852f0-c712-4b69-993f-dfd6e954af31,Bombilla de alpaca y bronce cincelada,bombilla-de-alpaca-y-bronce-cincelada,Bombillas,active,2,11900,COST_WITHOUT_PURCHASE_SOURCE,,,38636.36,29750,224.68,150,DESCRIPTION_GOOD,Descripcion extensa y especifica.,ATTRIBUTES_OK,Cubre los atributos esperados para la categoria.,1,ONLY_ONE_IMAGE,86,COST_WITHOUT_PURCHASE_SOURCE|ONLY_ONE_IMAGE,Revisar costo contra la ultima compra confirmada.,MEDIUM
96f90d2b-185b-4f47-a155-184619a8b6e3,Bombilla Pico de Loro,bombilla-pico-de-loro,Bombillas,active,10,3400,COST_WITHOUT_PURCHASE_SOURCE,,,11038,8500,224.65,150,DESCRIPTION_TOO_SHORT,No aporta suficiente informacion especifica.,ATTRIBUTES_OK,Cubre los atributos esperados para la categoria.,1,ONLY_ONE_IMAGE,71,COST_WITHOUT_PURCHASE_SOURCE|DESCRIPTION_TOO_SHORT|ONLY_ONE_IMAGE|ACTIVE_WITHOUT_USEFUL_DESCRIPTION,Revisar costo contra la ultima compra confirmada.,MEDIUM
c5a353af-8b98-4980-b317-419adeed702d,Bombilla pico de loro corta,bombilla-pico-de-loro-corta,Bombillas,draft,0,3400,COST_WITHOUT_PURCHASE_SOURCE,,,11038.96,8500,224.68,150,DESCRIPTION_GOOD,Descripcion extensa y especifica.,ATTRIBUTES_OK,Cubre los atributos esperados para la categoria.,0,NO_IMAGES,71,COST_WITHOUT_PURCHASE_SOURCE|NO_IMAGES,Revisar costo contra la ultima compra confirmada.,MEDIUM
01e900a4-515c-43eb-9ebd-b64387d985af,Bombilla pico de loro larga,bombilla-pico-de-loro-larga,Bombillas,draft,0,3400,COST_WITHOUT_PURCHASE_SOURCE,,,11038.96,8500,224.68,150,DESCRIPTION_GOOD,Descripcion extensa y especifica.,ATTRIBUTES_OK,Cubre los atributos esperados para la categoria.,0,NO_IMAGES,71,COST_WITHOUT_PURCHASE_SOURCE|NO_IMAGES,Revisar costo contra la ultima compra confirmada.,MEDIUM
4615e2d5-1659-4224-a437-ad598b6510d5,BOMBILLAS,bombillas,Bombillas,draft,0,3700,COST_WITHOUT_PURCHASE_SOURCE,,,7928.57,6105,114.29,65,DESCRIPTION_GOOD,Descripcion extensa y especifica.,ATTRIBUTES_OK,Cubre los atributos esperados para la categoria.,0,NO_IMAGES,71,COST_WITHOUT_PURCHASE_SOURCE|NO_IMAGES,Revisar costo contra la ultima compra confirmada.,MEDIUM
7a76ef9b-c994-4b8d-81b4-525a0922835c,Bombillón alpaca y bronce recto,bombillon-alpaca-y-bronce-recto,Bombillas,draft,0,15900,COST_WITHOUT_PURCHASE_SOURCE,,,41298.7,31800,159.74,100,DESCRIPTION_GOOD,Descripcion extensa y especifica.,ATTRIBUTES_OK,Cubre los atributos esperados para la categoria.,0,NO_IMAGES,71,COST_WITHOUT_PURCHASE_SOURCE|NO_IMAGES,Revisar costo contra la ultima compra confirmada.,MEDIUM
ac173fed-a2b0-43b9-9d05-36b7ebdcf902,Bombillon Premium,bombillon-premium,Bombillas,active,1,17150,COST_WITHOUT_PURCHASE_SOURCE,,,44545.45,34300,159.74,100,DESCRIPTION_GOOD,Descripcion extensa y especifica.,ATTRIBUTES_OK,Cubre los atributos esperados para la categoria.,1,ONLY_ONE_IMAGE,86,COST_WITHOUT_PURCHASE_SOURCE|ONLY_ONE_IMAGE,Revisar costo contra la ultima compra confirmada.,MEDIUM
8ebeb6bb-d76f-415c-8cac-4e8c85cc422c,Bombillon Recto Cincelado,bombillon-recto-cincelado,Bombillas,archived,0,14650,COST_WITHOUT_PURCHASE_SOURCE,,,38051.95,29300,159.74,100,DESCRIPTION_GOOD,Descripcion extensa y especifica.,ATTRIBUTES_OK,Cubre los atributos esperados para la categoria.,0,NO_IMAGES,71,COST_WITHOUT_PURCHASE_SOURCE|NO_IMAGES,Revisar costo contra la ultima compra confirmada.,MEDIUM
ea5850cf-f751-422e-96d1-ca255a1e80a6,BOTELLA FLIP KENCHER 900ML,botella-flip-kencher-900ml,Termos,draft,0,19000,COST_WITHOUT_PURCHASE_SOURCE,,,45649.35,35150,140.26,85,DESCRIPTION_GOOD,Descripcion extensa y especifica.,ATTRIBUTES_INCOMPLETE,"Faltan: brand, capacity, material, color.",0,NO_IMAGES,57,COST_WITHOUT_PURCHASE_SOURCE|ATTRIBUTES_INCOMPLETE|NO_IMAGES,Revisar costo contra la ultima compra confirmada.,MEDIUM
bdd20c4c-f7fc-45a3-95bf-0021e4a013e1,Botella Térmica BOTELLAS STANLEY 650ML,botella-termica-botellas-stanley-650ml,Termos,active,0,22000,COST_WITHOUT_PURCHASE_SOURCE,,,45714.29,35200,107.79,60,DESCRIPTION_GOOD,Descripcion extensa y especifica.,ATTRIBUTES_INCOMPLETE,"Faltan: brand, capacity, material, color.",0,NO_IMAGES,57,COST_WITHOUT_PURCHASE_SOURCE|ATTRIBUTES_INCOMPLETE|NO_IMAGES|ACTIVE_WITHOUT_IMAGE|ACTIVE_WITH_INCOMPLETE_ATTRIBUTES,Revisar costo contra la ultima compra confirmada.,HIGH
2e066864-97a0-4695-b484-3ef62b869dd1,BOTELLAS STANLEY 650ML,botellas-stanley-650ml,Termos,draft,0,22000,COST_WITHOUT_PURCHASE_SOURCE,,,42857,33000,94.8,50,DESCRIPTION_GOOD,Descripcion extensa y especifica.,ATTRIBUTES_INCOMPLETE,"Faltan: brand, capacity, material, color.",0,NO_IMAGES,57,COST_WITHOUT_PURCHASE_SOURCE|ATTRIBUTES_INCOMPLETE|NO_IMAGES,Revisar costo contra la ultima compra confirmada.,MEDIUM
ac79cfed-1855-4fc9-8bb2-de2fc01aa904,Box Argentina,box-argentina,Regalos,active,1,14640,COST_WITHOUT_PURCHASE_SOURCE,,,47532.47,36600,224.68,150,DESCRIPTION_GOOD,Descripcion extensa y especifica.,ATTRIBUTES_OK,Cubre los atributos esperados para la categoria.,1,ONLY_ONE_IMAGE,86,COST_WITHOUT_PURCHASE_SOURCE|ONLY_ONE_IMAGE,Revisar costo contra la ultima compra confirmada.,MEDIUM
edb4b664-5da6-489c-94c1-b0d1deb88232,BOX LOS SIMPSON,box-los-simpson,Regalos,active,0,14640,COST_WITHOUT_PURCHASE_SOURCE,,,47532.47,36600,224.68,150,DESCRIPTION_GOOD,Descripcion extensa y especifica.,ATTRIBUTES_OK,Cubre los atributos esperados para la categoria.,1,ONLY_ONE_IMAGE,86,COST_WITHOUT_PURCHASE_SOURCE|ONLY_ONE_IMAGE,Revisar costo contra la ultima compra confirmada.,MEDIUM
da8d3743-3ee5-4210-a387-49e4f87e9ec9,Box Presentación,box-presentacion,Regalos,active,3,5650,COST_WITHOUT_PURCHASE_SOURCE,,,15000,11300,165.49,100,DESCRIPTION_GOOD,Descripcion extensa y especifica.,ATTRIBUTES_OK,Cubre los atributos esperados para la categoria.,1,ONLY_ONE_IMAGE,86,COST_WITHOUT_PURCHASE_SOURCE|ONLY_ONE_IMAGE,Revisar costo contra la ultima compra confirmada.,MEDIUM
753fd426-1a8c-49c6-8e17-60b57ea59b8b,Cabezal Iphone,cabezal-iphone,Electrónica,draft,0,3650,COST_WITHOUT_PURCHASE_SOURCE,,,16590.91,12775,354.55,250,DESCRIPTION_GOOD,Descripcion extensa y especifica.,ATTRIBUTES_INCOMPLETE,"Faltan: brand, model, connectivity.",0,NO_IMAGES,57,COST_WITHOUT_PURCHASE_SOURCE|ATTRIBUTES_INCOMPLETE|NO_IMAGES,Revisar costo contra la ultima compra confirmada.,MEDIUM
20530c08-7371-4726-8a0e-0c5023e7d513,CABLE 20W IPHONE,cable-20w-iphone,Electrónica,draft,0,3650,COST_WITHOUT_PURCHASE_SOURCE,,,11850.65,9125,224.68,150,DESCRIPTION_GOOD,Descripcion extensa y especifica.,ATTRIBUTES_INCOMPLETE,"Faltan: brand, model, connectivity.",0,NO_IMAGES,57,COST_WITHOUT_PURCHASE_SOURCE|ATTRIBUTES_INCOMPLETE|NO_IMAGES,Revisar costo contra la ultima compra confirmada.,MEDIUM
d1abf544-2493-4dab-a769-53f9faa6c4be,CABLE USB - C CARGA RAPIDA,cable-usb-c-carga-rapida,Electrónica,draft,0,1439,COST_WITHOUT_PURCHASE_SOURCE,,,8409.74,6475.5,484.42,350,DESCRIPTION_GOOD,Descripcion extensa y especifica.,ATTRIBUTES_INCOMPLETE,"Faltan: brand, model, connectivity.",0,NO_IMAGES,57,COST_WITHOUT_PURCHASE_SOURCE|ATTRIBUTES_INCOMPLETE|NO_IMAGES,Revisar costo contra la ultima compra confirmada.,MEDIUM
05cf6b25-7851-4a76-817f-1a704930fcc7,Camionero Criollo Base de Cuero,camionero-criollo-base-de-cuero,Accesorios,draft,0,8500,COST_WITHOUT_PURCHASE_SOURCE,,,25389.61,19550,198.7,130,DESCRIPTION_GOOD,Descripcion extensa y especifica.,ATTRIBUTES_OK,Cubre los atributos esperados para la categoria.,0,NO_IMAGES,71,COST_WITHOUT_PURCHASE_SOURCE|NO_IMAGES,Revisar costo contra la ultima compra confirmada.,MEDIUM
55569c44-0777-491c-9c9a-04dc621c3685,Camiseta ARGENTINA BORDADA,camiseta-argentina-bordada,Accesorios,draft,0,18125,COST_WITHOUT_PURCHASE_SOURCE,,,47077.92,36250,159.74,100,DESCRIPTION_GOOD,Descripcion extensa y especifica.,ATTRIBUTES_OK,Cubre los atributos esperados para la categoria.,0,NO_IMAGES,71,COST_WITHOUT_PURCHASE_SOURCE|NO_IMAGES,Revisar costo contra la ultima compra confirmada.,MEDIUM
b46e57f6-73f3-41c7-b1a7-4606c7e9ee13,Camiseta ARGENTINA TAILANDESA,camiseta-argentina-tailandesa,Accesorios,draft,0,24650,COST_WITHOUT_PURCHASE_SOURCE,,,64025.97,49300,159.74,100,DESCRIPTION_GOOD,Descripcion extensa y especifica.,ATTRIBUTES_OK,Cubre los atributos esperados para la categoria.,0,NO_IMAGES,71,COST_WITHOUT_PURCHASE_SOURCE|NO_IMAGES,Revisar costo contra la ultima compra confirmada.,MEDIUM
4f905ebe-f1e2-4a83-adeb-5941adda5ec2,Camiseta ARGENTINA TERMOSELLADA,camiseta-argentina-termosellada,Termos,draft,0,21677.5,COST_WITHOUT_PURCHASE_SOURCE,,,56305.19,43355,159.74,100,DESCRIPTION_GOOD,Descripcion extensa y especifica.,ATTRIBUTES_INCOMPLETE,"Faltan: brand, capacity, material, color.",0,NO_IMAGES,57,COST_WITHOUT_PURCHASE_SOURCE|ATTRIBUTES_INCOMPLETE|NO_IMAGES,Revisar costo contra la ultima compra confirmada.,MEDIUM
3e33942f-1d42-4b03-b30d-97da131b2cba,Canasta matera 100% cuero,canasta-matera-100-cuero,Mates,draft,0,20700,COST_WITHOUT_PURCHASE_SOURCE,,,48389.61,37260,133.77,80,DESCRIPTION_GOOD,Descripcion extensa y especifica.,ATTRIBUTES_INCOMPLETE,"Faltan: material, color.",0,NO_IMAGES,57,COST_WITHOUT_PURCHASE_SOURCE|ATTRIBUTES_INCOMPLETE|NO_IMAGES,Revisar costo contra la ultima compra confirmada.,MEDIUM
4d304204-8569-464a-b856-29a84bdee6c8,Canasta simil cuero,canasta-simil-cuero,Accesorios,draft,0,6500,COST_WITHOUT_PURCHASE_SOURCE,,,25324.68,19500,289.61,200,DESCRIPTION_GOOD,Descripcion extensa y especifica.,ATTRIBUTES_OK,Cubre los atributos esperados para la categoria.,0,NO_IMAGES,71,COST_WITHOUT_PURCHASE_SOURCE|NO_IMAGES,Revisar costo contra la ultima compra confirmada.,MEDIUM
f0f14dc6-8693-4670-aeab-42cc64732b0e,CARGADOR 3.8A  + CABLE TIPO C,cargador-3-8a-cable-tipo-c,Electrónica,draft,0,2939,COST_WITHOUT_PURCHASE_SOURCE,,,11450.65,8817,289.61,200,DESCRIPTION_GOOD,Descripcion extensa y especifica.,ATTRIBUTES_INCOMPLETE,"Faltan: brand, model, connectivity.",0,NO_IMAGES,57,COST_WITHOUT_PURCHASE_SOURCE|ATTRIBUTES_INCOMPLETE|NO_IMAGES,Revisar costo contra la ultima compra confirmada.,MEDIUM
631dc501-2496-4c4f-9900-b0b14fbd19d2,Club de Nuit Intense Man,club-de-nuit-intense-man,Perfumes,active,0,54450,COST_WITHOUT_PURCHASE_SOURCE,,,106071.43,81675,94.81,50,DESCRIPTION_GOOD,Descripcion extensa y especifica.,ATTRIBUTES_INCOMPLETE,Faltan: brand.,0,NO_IMAGES,57,COST_WITHOUT_PURCHASE_SOURCE|ATTRIBUTES_INCOMPLETE|NO_IMAGES|ACTIVE_WITHOUT_IMAGE|ACTIVE_WITH_INCOMPLETE_ATTRIBUTES,Revisar costo contra la ultima compra confirmada.,HIGH
5f7a5f98-ef5b-447c-a9d4-49bcc840903c,CLUB DE NUIT SILLAGE,club-de-nuit-sillage,Perfumes,active,0,56700,COST_WITHOUT_PURCHASE_SOURCE,,,110454.55,85050,94.81,50,DESCRIPTION_GOOD,Descripcion extensa y especifica.,ATTRIBUTES_OK,Cubre los atributos esperados para la categoria.,0,NO_IMAGES,71,COST_WITHOUT_PURCHASE_SOURCE|NO_IMAGES|ACTIVE_WITHOUT_IMAGE,Revisar costo contra la ultima compra confirmada.,HIGH
e781712d-5839-4d63-b648-13a2dfee6a71,Combo 5 imperiales algarrobo acero + 5 pico loro,combo-5-imperiales-algarrobo-acero-5-pico-loro,Regalos,draft,0,9998,COST_WITHOUT_PURCHASE_SOURCE,,,32461.04,24995,224.68,150,DESCRIPTION_GOOD,Descripcion extensa y especifica.,ATTRIBUTES_OK,Cubre los atributos esperados para la categoria.,0,NO_IMAGES,71,COST_WITHOUT_PURCHASE_SOURCE|NO_IMAGES,Revisar costo contra la ultima compra confirmada.,MEDIUM
1e6c42e4-08af-4ed7-ad01-95fb22e13c4a,"COMBO CABEZAL Y CABLE 20W	 
REPLICA AAA",combo-cabezal-y-cable-20w-replica-aaa,Regalos,draft,0,7300,COST_WITHOUT_PURCHASE_SOURCE,,,27019.48,20805,270.13,185,DESCRIPTION_GOOD,Descripcion extensa y especifica.,ATTRIBUTES_OK,Cubre los atributos esperados para la categoria.,0,NO_IMAGES,71,COST_WITHOUT_PURCHASE_SOURCE|NO_IMAGES,Revisar costo contra la ultima compra confirmada.,MEDIUM
4cfaa1d5-23ce-49a3-9866-81e24160a2dc,COMBO TERMO + MATE OPACCO + BOMBILLA STANLEY,combo-termo-mate-opacco-bombilla-stanley,Bombillas,draft,0,26400,COST_WITHOUT_PURCHASE_SOURCE,,,54857,42240,107.79,60,DESCRIPTION_GOOD,Descripcion extensa y especifica.,ATTRIBUTES_INCOMPLETE,"Faltan: brand, capacity, material, color.",0,NO_IMAGES,57,COST_WITHOUT_PURCHASE_SOURCE|ATTRIBUTES_INCOMPLETE|NO_IMAGES,Revisar costo contra la ultima compra confirmada.,MEDIUM
619f8ce8-d73f-4a8f-9fa5-ace42abab70e,COMBO TERMO/MATE OPACCO,combo-termo-mate-opacco,Termos,draft,0,22700,COST_WITHOUT_PURCHASE_SOURCE,,,47169,36320,107.79,60,DESCRIPTION_GOOD,Descripcion extensa y especifica.,ATTRIBUTES_INCOMPLETE,"Faltan: brand, capacity, material, color.",0,NO_IMAGES,57,COST_WITHOUT_PURCHASE_SOURCE|ATTRIBUTES_INCOMPLETE|NO_IMAGES,Revisar costo contra la ultima compra confirmada.,MEDIUM
7d2416cf-c123-4040-8617-1fb75de38e6e,CONFIDENTIAL GOLD - 100M,confidential-gold-100m,Accesorios,draft,0,38100,COST_WITHOUT_PURCHASE_SOURCE,,,74221,57150,94.81,50,DESCRIPTION_GOOD,Descripcion extensa y especifica.,ATTRIBUTES_OK,Cubre los atributos esperados para la categoria.,0,NO_IMAGES,71,COST_WITHOUT_PURCHASE_SOURCE|NO_IMAGES,Revisar costo contra la ultima compra confirmada.,MEDIUM
2e51cf34-5c02-42ff-867e-7a06d8bf273b,CONFIDENTIAL GOLD - 100ML,confidential-gold-100ml,Perfumes,active,1,31700,COST_WITHOUT_PURCHASE_SOURCE,,,74103.9,57060,133.77,80,DESCRIPTION_GOOD,Descripcion extensa y especifica.,ATTRIBUTES_INCOMPLETE,Faltan: brand.,1,ONLY_ONE_IMAGE,71,COST_WITHOUT_PURCHASE_SOURCE|ATTRIBUTES_INCOMPLETE|ONLY_ONE_IMAGE|ACTIVE_WITH_INCOMPLETE_ATTRIBUTES,Revisar costo contra la ultima compra confirmada.,HIGH
39dc1190-b773-4430-9bb8-9fb37cce1a21,Decant 9 AM,decant-9-am,Accesorios,draft,0,8000,COST_WITHOUT_PURCHASE_SOURCE,,,17142.86,13200,114.29,65,DESCRIPTION_GOOD,Descripcion extensa y especifica.,ATTRIBUTES_OK,Cubre los atributos esperados para la categoria.,0,NO_IMAGES,71,COST_WITHOUT_PURCHASE_SOURCE|NO_IMAGES,Revisar costo contra la ultima compra confirmada.,MEDIUM
e0d493ea-6aa8-4127-8199-f171e829dda1,Decant 9 pm elixir,decant-9-pm-elixir,Accesorios,draft,0,8000,COST_WITHOUT_PURCHASE_SOURCE,,,17142.86,13200,114.29,65,DESCRIPTION_GOOD,Descripcion extensa y especifica.,ATTRIBUTES_OK,Cubre los atributos esperados para la categoria.,0,NO_IMAGES,71,COST_WITHOUT_PURCHASE_SOURCE|NO_IMAGES,Revisar costo contra la ultima compra confirmada.,MEDIUM
7e7a8a98-61c6-491e-85d8-1c13762fd6cc,Decant 9pm rebel,decant-9pm-rebel,Accesorios,draft,0,8000,COST_WITHOUT_PURCHASE_SOURCE,,,17142.86,13200,114.29,65,DESCRIPTION_GOOD,Descripcion extensa y especifica.,ATTRIBUTES_OK,Cubre los atributos esperados para la categoria.,0,NO_IMAGES,71,COST_WITHOUT_PURCHASE_SOURCE|NO_IMAGES,Revisar costo contra la ultima compra confirmada.,MEDIUM
1ce1e6ff-2064-4290-8fea-c804cf5d44e0,Decant all' haramain amber oud gol edition,decant-all-haramain-amber-oud-gol-edition,Accesorios,draft,0,8000,COST_WITHOUT_PURCHASE_SOURCE,,,17142.86,13200,114.29,65,DESCRIPTION_GOOD,Descripcion extensa y especifica.,ATTRIBUTES_OK,Cubre los atributos esperados para la categoria.,0,NO_IMAGES,71,COST_WITHOUT_PURCHASE_SOURCE|NO_IMAGES,Revisar costo contra la ultima compra confirmada.,MEDIUM
3643a08f-c0fc-4ada-8639-94ff3340ef90,Decant Aqua Dubai,decant-aqua-dubai,Accesorios,draft,0,8000,COST_WITHOUT_PURCHASE_SOURCE,,,19740.26,15200,146.75,90,DESCRIPTION_GOOD,Descripcion extensa y especifica.,ATTRIBUTES_OK,Cubre los atributos esperados para la categoria.,0,NO_IMAGES,71,COST_WITHOUT_PURCHASE_SOURCE|NO_IMAGES,Revisar costo contra la ultima compra confirmada.,MEDIUM
360eb933-9dda-4dff-81cb-dcfc3d293484,Decant Art of universe,decant-art-of-universe,Accesorios,draft,0,8000,COST_WITHOUT_PURCHASE_SOURCE,,,17142.86,13200,114.29,65,DESCRIPTION_GOOD,Descripcion extensa y especifica.,ATTRIBUTES_OK,Cubre los atributos esperados para la categoria.,0,NO_IMAGES,71,COST_WITHOUT_PURCHASE_SOURCE|NO_IMAGES,Revisar costo contra la ultima compra confirmada.,MEDIUM
15095452-e3cb-4ba7-b586-2b6e5e5206f3,Decant Asad bourbon,decant-asad-bourbon,Accesorios,draft,0,8000,COST_WITHOUT_PURCHASE_SOURCE,,,17662.34,13600,120.78,70,DESCRIPTION_GOOD,Descripcion extensa y especifica.,ATTRIBUTES_OK,Cubre los atributos esperados para la categoria.,0,NO_IMAGES,71,COST_WITHOUT_PURCHASE_SOURCE|NO_IMAGES,Revisar costo contra la ultima compra confirmada.,MEDIUM
1e899cee-6a4b-4edf-bf22-941952ff79af,Decant Bharara king,decant-bharara-king,Accesorios,draft,0,8000,COST_WITHOUT_PURCHASE_SOURCE,,,17142.86,13200,114.29,65,DESCRIPTION_GOOD,Descripcion extensa y especifica.,ATTRIBUTES_OK,Cubre los atributos esperados para la categoria.,0,NO_IMAGES,71,COST_WITHOUT_PURCHASE_SOURCE|NO_IMAGES,Revisar costo contra la ultima compra confirmada.,MEDIUM
14fad7f8-6639-4f97-9e9c-4e2a89bbc7e7,Decant Bharara soleil,decant-bharara-soleil,Accesorios,draft,0,8000,COST_WITHOUT_PURCHASE_SOURCE,,,19740.26,15200,146.75,90,DESCRIPTION_GOOD,Descripcion extensa y especifica.,ATTRIBUTES_OK,Cubre los atributos esperados para la categoria.,0,NO_IMAGES,71,COST_WITHOUT_PURCHASE_SOURCE|NO_IMAGES,Revisar costo contra la ultima compra confirmada.,MEDIUM
7ccfd5dc-8ce3-4a93-9d15-9e99748f1944,Decant Club de nuit iconic,decant-club-de-nuit-iconic,Accesorios,draft,0,8000,COST_WITHOUT_PURCHASE_SOURCE,,,17142.86,13200,114.29,65,DESCRIPTION_GOOD,Descripcion extensa y especifica.,ATTRIBUTES_OK,Cubre los atributos esperados para la categoria.,0,NO_IMAGES,71,COST_WITHOUT_PURCHASE_SOURCE|NO_IMAGES,Revisar costo contra la ultima compra confirmada.,MEDIUM
8194a45a-aeed-40a5-8c76-6e92ed85ebd2,Decant Club de nuit intense,decant-club-de-nuit-intense,Accesorios,draft,0,8000,COST_WITHOUT_PURCHASE_SOURCE,,,17142.86,13200,114.29,65,DESCRIPTION_GOOD,Descripcion extensa y especifica.,ATTRIBUTES_OK,Cubre los atributos esperados para la categoria.,0,NO_IMAGES,71,COST_WITHOUT_PURCHASE_SOURCE|NO_IMAGES,Revisar costo contra la ultima compra confirmada.,MEDIUM
b352dd83-e0f8-4569-96e8-42acb20ae139,Decant Club de nuit urban elixir,decant-club-de-nuit-urban-elixir,Accesorios,draft,0,8000,COST_WITHOUT_PURCHASE_SOURCE,,,17142.86,13200,114.29,65,DESCRIPTION_GOOD,Descripcion extensa y especifica.,ATTRIBUTES_OK,Cubre los atributos esperados para la categoria.,0,NO_IMAGES,71,COST_WITHOUT_PURCHASE_SOURCE|NO_IMAGES,Revisar costo contra la ultima compra confirmada.,MEDIUM
64e60fa7-4bc9-4fbb-a401-d57821edc72b,Decant dubai nigth,decant-dubai-nigth,Accesorios,draft,0,8000,COST_WITHOUT_PURCHASE_SOURCE,,,17142.86,13200,114.29,65,DESCRIPTION_GOOD,Descripcion extensa y especifica.,ATTRIBUTES_OK,Cubre los atributos esperados para la categoria.,0,NO_IMAGES,71,COST_WITHOUT_PURCHASE_SOURCE|NO_IMAGES,Revisar costo contra la ultima compra confirmada.,MEDIUM
8d828391-4a86-4eb9-bb6a-f384bc3e1d7d,Decant Game of Spades Full House 5ml,decant-game-of-spades-full-house,Perfumes,active,1,8000,COST_WITHOUT_PURCHASE_SOURCE,,,21818.18,16800,172.73,110,DESCRIPTION_NEEDS_VERIFICATION,No referencia claramente el producto auditado.,ATTRIBUTES_INCOMPLETE,Faltan: brand.,1,ONLY_ONE_IMAGE,57,COST_WITHOUT_PURCHASE_SOURCE|DESCRIPTION_NEEDS_VERIFICATION|ATTRIBUTES_INCOMPLETE|ONLY_ONE_IMAGE|ACTIVE_WITHOUT_USEFUL_DESCRIPTION|ACTIVE_WITH_INCOMPLETE_ATTRIBUTES,Revisar costo contra la ultima compra confirmada.,HIGH
50282266-0dd6-4864-bfdb-bbc6c5aec91a,Decant hawas black,decant-hawas-black,Accesorios,draft,0,8000,COST_WITHOUT_PURCHASE_SOURCE,,,17142.86,13200,114.29,65,DESCRIPTION_GOOD,Descripcion extensa y especifica.,ATTRIBUTES_OK,Cubre los atributos esperados para la categoria.,0,NO_IMAGES,71,COST_WITHOUT_PURCHASE_SOURCE|NO_IMAGES,Revisar costo contra la ultima compra confirmada.,MEDIUM
2db67b25-6e37-446a-8e98-5f626d5efc63,Decant hawas elixir,decant-hawas-elixir,Perfumes,active,1,8000,COST_WITHOUT_PURCHASE_SOURCE,,,17142.86,13200,114.29,65,DESCRIPTION_NEEDS_VERIFICATION,No referencia claramente el producto auditado.,ATTRIBUTES_INCOMPLETE,Faltan: brand.,1,ONLY_ONE_IMAGE,57,COST_WITHOUT_PURCHASE_SOURCE|DESCRIPTION_NEEDS_VERIFICATION|ATTRIBUTES_INCOMPLETE|ONLY_ONE_IMAGE|ACTIVE_WITHOUT_USEFUL_DESCRIPTION|ACTIVE_WITH_INCOMPLETE_ATTRIBUTES,Revisar costo contra la ultima compra confirmada.,HIGH
f91c4caa-32bb-4450-8a87-25422095257b,Decant hawas fire,decant-hawas-fire,Perfumes,active,1,8000,COST_WITHOUT_PURCHASE_SOURCE,,,17142.86,13200,114.29,65,DESCRIPTION_NEEDS_VERIFICATION,No referencia claramente el producto auditado.,ATTRIBUTES_INCOMPLETE,Faltan: brand.,1,ONLY_ONE_IMAGE,57,COST_WITHOUT_PURCHASE_SOURCE|DESCRIPTION_NEEDS_VERIFICATION|ATTRIBUTES_INCOMPLETE|ONLY_ONE_IMAGE|ACTIVE_WITHOUT_USEFUL_DESCRIPTION|ACTIVE_WITH_INCOMPLETE_ATTRIBUTES,Revisar costo contra la ultima compra confirmada.,HIGH
8f06198a-0199-407d-9d5d-9e7c38bcd578,Decant hawas Kobra 5ml,decant-hawas-kobra,Perfumes,active,1,8000,COST_WITHOUT_PURCHASE_SOURCE,,,17142.86,13200,114.29,65,DESCRIPTION_NEEDS_VERIFICATION,No referencia claramente el producto auditado.,ATTRIBUTES_INCOMPLETE,Faltan: brand.,1,ONLY_ONE_IMAGE,57,COST_WITHOUT_PURCHASE_SOURCE|DESCRIPTION_NEEDS_VERIFICATION|ATTRIBUTES_INCOMPLETE|ONLY_ONE_IMAGE|ACTIVE_WITHOUT_USEFUL_DESCRIPTION|ACTIVE_WITH_INCOMPLETE_ATTRIBUTES,Revisar costo contra la ultima compra confirmada.,HIGH
0be4f17b-4888-466f-ad13-3643a645f730,Decant hawas malibu 5ml,decant-hawas-malibu,Perfumes,active,1,8000,COST_WITHOUT_PURCHASE_SOURCE,,,19740.26,15200,146.75,90,DESCRIPTION_NEEDS_VERIFICATION,No referencia claramente el producto auditado.,ATTRIBUTES_INCOMPLETE,Faltan: brand.,1,ONLY_ONE_IMAGE,57,COST_WITHOUT_PURCHASE_SOURCE|DESCRIPTION_NEEDS_VERIFICATION|ATTRIBUTES_INCOMPLETE|ONLY_ONE_IMAGE|ACTIVE_WITHOUT_USEFUL_DESCRIPTION|ACTIVE_WITH_INCOMPLETE_ATTRIBUTES,Revisar costo contra la ultima compra confirmada.,HIGH
fe29c305-f0f8-4752-855c-c785be1046ac,Decant hawas tropical 5ml,decant-hawas-tropical,Perfumes,active,1,8000,COST_WITHOUT_PURCHASE_SOURCE,,,19740.26,15200,146.75,90,DESCRIPTION_NEEDS_VERIFICATION,No referencia claramente el producto auditado.,ATTRIBUTES_INCOMPLETE,Faltan: brand.,1,ONLY_ONE_IMAGE,57,COST_WITHOUT_PURCHASE_SOURCE|DESCRIPTION_NEEDS_VERIFICATION|ATTRIBUTES_INCOMPLETE|ONLY_ONE_IMAGE|ACTIVE_WITHOUT_USEFUL_DESCRIPTION|ACTIVE_WITH_INCOMPLETE_ATTRIBUTES,Revisar costo contra la ultima compra confirmada.,HIGH
b6db64db-4768-43f9-aadd-e72f24d6d318,Decant hawas verde,decant-hawas-verde,Perfumes,active,1,8000,COST_WITHOUT_PURCHASE_SOURCE,,,17142.86,13200,114.29,65,DESCRIPTION_NEEDS_VERIFICATION,No referencia claramente el producto auditado.,ATTRIBUTES_INCOMPLETE,Faltan: brand.,1,ONLY_ONE_IMAGE,57,COST_WITHOUT_PURCHASE_SOURCE|DESCRIPTION_NEEDS_VERIFICATION|ATTRIBUTES_INCOMPLETE|ONLY_ONE_IMAGE|ACTIVE_WITHOUT_USEFUL_DESCRIPTION|ACTIVE_WITH_INCOMPLETE_ATTRIBUTES,Revisar costo contra la ultima compra confirmada.,HIGH
e5b37a2f-ab84-4009-b8d3-1a6f307c3eda,Decant Lattafa Kahambra,decant-lattafa-kahambra,Perfumes,active,1,8000,COST_WITHOUT_PURCHASE_SOURCE,,,17142.86,13200,114.29,65,DESCRIPTION_NEEDS_VERIFICATION,No referencia claramente el producto auditado.,ATTRIBUTES_INCOMPLETE,Faltan: brand.,1,ONLY_ONE_IMAGE,57,COST_WITHOUT_PURCHASE_SOURCE|DESCRIPTION_NEEDS_VERIFICATION|ATTRIBUTES_INCOMPLETE|ONLY_ONE_IMAGE|ACTIVE_WITHOUT_USEFUL_DESCRIPTION|ACTIVE_WITH_INCOMPLETE_ATTRIBUTES,Revisar costo contra la ultima compra confirmada.,HIGH
8ca47237-b9ae-4720-a8be-043ecd104ed7,Decant liquid brun,decant-liquid-brun,Perfumes,active,1,8000,COST_WITHOUT_PURCHASE_SOURCE,,,17142.86,13200,114.29,65,DESCRIPTION_NEEDS_VERIFICATION,No referencia claramente el producto auditado.,ATTRIBUTES_INCOMPLETE,Faltan: brand.,1,ONLY_ONE_IMAGE,57,COST_WITHOUT_PURCHASE_SOURCE|DESCRIPTION_NEEDS_VERIFICATION|ATTRIBUTES_INCOMPLETE|ONLY_ONE_IMAGE|ACTIVE_WITHOUT_USEFUL_DESCRIPTION|ACTIVE_WITH_INCOMPLETE_ATTRIBUTES,Revisar costo contra la ultima compra confirmada.,HIGH
d072533f-5411-4940-bbec-d21d936ccfe0,Decant odissey elixir,decant-odissey-elixir,Accesorios,draft,0,8000,COST_WITHOUT_PURCHASE_SOURCE,,,17142.86,13200,114.29,65,DESCRIPTION_GOOD,Descripcion extensa y especifica.,ATTRIBUTES_OK,Cubre los atributos esperados para la categoria.,0,NO_IMAGES,71,COST_WITHOUT_PURCHASE_SOURCE|NO_IMAGES,Revisar costo contra la ultima compra confirmada.,MEDIUM
3e52b75d-007c-4637-8ad7-3dd3a8efb159,Decant Rayhaan elixir,decant-rayhaan-elixir,Perfumes,active,4,8000,COST_WITHOUT_PURCHASE_SOURCE,,,17142.86,13200,114.29,65,DESCRIPTION_NEEDS_VERIFICATION,No referencia claramente el producto auditado.,ATTRIBUTES_INCOMPLETE,Faltan: brand.,1,ONLY_ONE_IMAGE,57,COST_WITHOUT_PURCHASE_SOURCE|DESCRIPTION_NEEDS_VERIFICATION|ATTRIBUTES_INCOMPLETE|ONLY_ONE_IMAGE|ACTIVE_WITHOUT_USEFUL_DESCRIPTION|ACTIVE_WITH_INCOMPLETE_ATTRIBUTES,Revisar costo contra la ultima compra confirmada.,HIGH
e53a64ad-8e1d-452f-9025-53d940215082,Despolvillador,despolvillador,Accesorios,active,0,4150,COST_WITHOUT_PURCHASE_SOURCE,,,14012.99,10790,237.66,160,DESCRIPTION_GOOD,Descripcion extensa y especifica.,ATTRIBUTES_OK,Cubre los atributos esperados para la categoria.,1,ONLY_ONE_IMAGE,86,COST_WITHOUT_PURCHASE_SOURCE|ONLY_ONE_IMAGE,Revisar costo contra la ultima compra confirmada.,MEDIUM
4d7976ee-45ae-447a-88a7-e6f986c59d8f,Dispenser de yerba en madera,dispenser-de-yerba-en-madera,Accesorios,active,1,13150,COST_WITHOUT_PURCHASE_SOURCE,,,43548.7,33532.5,231.17,155,DESCRIPTION_GOOD,Descripcion extensa y especifica.,ATTRIBUTES_INCOMPLETE,"Faltan: brand, variety, capacity.",1,ONLY_ONE_IMAGE,71,COST_WITHOUT_PURCHASE_SOURCE|ATTRIBUTES_INCOMPLETE|ONLY_ONE_IMAGE|ACTIVE_WITH_INCOMPLETE_ATTRIBUTES,Revisar costo contra la ultima compra confirmada.,HIGH
c7659a2a-4bb5-439c-ba18-a62d2dd0c121,Fakhar Rose Gold,fakhar-rose-gold,Perfumes,active,0,54000,COST_WITHOUT_PURCHASE_SOURCE,,,105194.81,81000,94.81,50,DESCRIPTION_GOOD,Descripcion extensa y especifica.,ATTRIBUTES_INCOMPLETE,Faltan: brand.,0,NO_IMAGES,57,COST_WITHOUT_PURCHASE_SOURCE|ATTRIBUTES_INCOMPLETE|NO_IMAGES|ACTIVE_WITHOUT_IMAGE|ACTIVE_WITH_INCOMPLETE_ATTRIBUTES,Revisar costo contra la ultima compra confirmada.,HIGH
6ca63ce3-5694-418f-90a8-5d8043f4c2f5,French Avenue Liquid Broun,french-avenue-liquid-broun,Perfumes,active,1,67680,COST_WITHOUT_PURCHASE_SOURCE,,,131844.16,101520,94.81,50,DESCRIPTION_GOOD,Descripcion extensa y especifica.,ATTRIBUTES_INCOMPLETE,Faltan: brand.,1,ONLY_ONE_IMAGE,71,COST_WITHOUT_PURCHASE_SOURCE|ATTRIBUTES_INCOMPLETE|ONLY_ONE_IMAGE|ACTIVE_WITH_INCOMPLETE_ATTRIBUTES,Revisar costo contra la ultima compra confirmada.,HIGH
b5cb8397-6821-4f8d-bc77-cb335e757ef4,Hawas Elixir,hawas-elixir,Perfumes,active,0,55000,COST_WITHOUT_PURCHASE_SOURCE,,,107142.86,82500,94.81,50,DESCRIPTION_GOOD,Descripcion extensa y especifica.,ATTRIBUTES_INCOMPLETE,Faltan: brand.,0,NO_IMAGES,57,COST_WITHOUT_PURCHASE_SOURCE|ATTRIBUTES_INCOMPLETE|NO_IMAGES|ACTIVE_WITHOUT_IMAGE|ACTIVE_WITH_INCOMPLETE_ATTRIBUTES,Revisar costo contra la ultima compra confirmada.,HIGH
9858eda6-63fb-41f7-9ba1-ab6e93d1f9b8,Hawas Fire Rasasi,hawas-fire-rasasi,Perfumes,active,0,61500,COST_WITHOUT_PURCHASE_SOURCE,,,119805.19,92250,94.81,50,DESCRIPTION_GOOD,Descripcion extensa y especifica.,ATTRIBUTES_INCOMPLETE,Faltan: brand.,0,NO_IMAGES,57,COST_WITHOUT_PURCHASE_SOURCE|ATTRIBUTES_INCOMPLETE|NO_IMAGES|ACTIVE_WITHOUT_IMAGE|ACTIVE_WITH_INCOMPLETE_ATTRIBUTES,Revisar costo contra la ultima compra confirmada.,HIGH
c6ab646e-ea3c-4ca9-928a-3f518e49f5e6,HOMME BLACK - 100ML,homme-black-100ml,Perfumes,active,1,42700,COST_WITHOUT_PURCHASE_SOURCE,,,99818.18,76860,133.77,80,DESCRIPTION_GOOD,Descripcion extensa y especifica.,ATTRIBUTES_INCOMPLETE,Faltan: brand.,0,NO_IMAGES,57,COST_WITHOUT_PURCHASE_SOURCE|ATTRIBUTES_INCOMPLETE|NO_IMAGES|ACTIVE_WITHOUT_IMAGE|ACTIVE_WITH_INCOMPLETE_ATTRIBUTES,Revisar costo contra la ultima compra confirmada.,HIGH
49d18c62-27bf-40a2-9c0e-8d2eada41759,HOPPY BOTON 650ML,hoppy-boton-650ml,Termos,draft,0,14000,COST_WITHOUT_PURCHASE_SOURCE,,,36363.64,28000,159.74,100,DESCRIPTION_GOOD,Descripcion extensa y especifica.,ATTRIBUTES_INCOMPLETE,"Faltan: brand, capacity, material, color.",0,NO_IMAGES,57,COST_WITHOUT_PURCHASE_SOURCE|ATTRIBUTES_INCOMPLETE|NO_IMAGES,Revisar costo contra la ultima compra confirmada.,MEDIUM
f13333dd-990d-4f13-a094-b0e8b93d404f,HOPPY BOTON 900ML,hoppy-boton-900ml,Termos,draft,0,15000,COST_WITHOUT_PURCHASE_SOURCE,,,38961.04,30000,159.74,100,DESCRIPTION_GOOD,Descripcion extensa y especifica.,ATTRIBUTES_INCOMPLETE,"Faltan: brand, capacity, material, color.",0,NO_IMAGES,57,COST_WITHOUT_PURCHASE_SOURCE|ATTRIBUTES_INCOMPLETE|NO_IMAGES,Revisar costo contra la ultima compra confirmada.,MEDIUM
c79ee2ec-e006-4be2-b54a-da869542b698,Imperial Con Refuerzo Alpaca Y Base De Bolitas,imperial-con-refuerzo-alpaca-y-base-de-bolitas,Accesorios,draft,0,22900,COST_WITHOUT_PURCHASE_SOURCE,,,44610.39,34350,94.81,50,DESCRIPTION_GOOD,Descripcion extensa y especifica.,ATTRIBUTES_OK,Cubre los atributos esperados para la categoria.,0,NO_IMAGES,71,COST_WITHOUT_PURCHASE_SOURCE|NO_IMAGES,Revisar costo contra la ultima compra confirmada.,MEDIUM
147395ec-1a0b-4f54-9904-f27d2a88f12f,LA VIVACITE INTESA - 100ML,la-vivacite-intesa-100ml,Perfumes,active,0,39100,COST_WITHOUT_PURCHASE_SOURCE,,,76168.83,58650,94.81,50,DESCRIPTION_GOOD,Descripcion extensa y especifica.,ATTRIBUTES_INCOMPLETE,Faltan: brand.,0,NO_IMAGES,57,COST_WITHOUT_PURCHASE_SOURCE|ATTRIBUTES_INCOMPLETE|NO_IMAGES|ACTIVE_WITHOUT_IMAGE|ACTIVE_WITH_INCOMPLETE_ATTRIBUTES,Revisar costo contra la ultima compra confirmada.,HIGH
bd7930a6-65c3-4e3b-b85f-1cb1b56d6835,LATTAFA ASAD,lattafa-asad,Perfumes,active,0,49200,COST_WITHOUT_PURCHASE_SOURCE,,,95844.16,73800,94.81,50,DESCRIPTION_GOOD,Descripcion extensa y especifica.,ATTRIBUTES_OK,Cubre los atributos esperados para la categoria.,1,ONLY_ONE_IMAGE,86,COST_WITHOUT_PURCHASE_SOURCE|ONLY_ONE_IMAGE,Revisar costo contra la ultima compra confirmada.,MEDIUM
13627ebe-ca04-46e0-9d26-d2861d1ee4a5,Lattafa Asad Bourbon,lattafa-asad-bourbon,Perfumes,active,0,58500,COST_WITHOUT_PURCHASE_SOURCE,,,113961.04,87750,94.81,50,DESCRIPTION_GOOD,Descripcion extensa y especifica.,ATTRIBUTES_OK,Cubre los atributos esperados para la categoria.,1,ONLY_ONE_IMAGE,86,COST_WITHOUT_PURCHASE_SOURCE|ONLY_ONE_IMAGE,Revisar costo contra la ultima compra confirmada.,MEDIUM
b58d9866-5d03-4f63-994d-762108522492,Lattafa Bade'e Al Oud Sublime,lattafa-bade-e-al-oud-sublime,Perfumes,active,0,41400,COST_WITHOUT_PURCHASE_SOURCE,,,80649.35,62100,94.81,50,DESCRIPTION_GOOD,Descripcion extensa y especifica.,ATTRIBUTES_OK,Cubre los atributos esperados para la categoria.,1,ONLY_ONE_IMAGE,86,COST_WITHOUT_PURCHASE_SOURCE|ONLY_ONE_IMAGE,Revisar costo contra la ultima compra confirmada.,MEDIUM
ad228c7e-6279-424f-a436-36e85685e5b8,Lattafa Eclaire,lattafa-eclaire,Perfumes,active,0,53000,COST_WITHOUT_PURCHASE_SOURCE,,,110129.87,84800,107.79,60,DESCRIPTION_GOOD,Descripcion extensa y especifica.,ATTRIBUTES_INCOMPLETE,"Faltan: brand, gender, intensity.",1,ONLY_ONE_IMAGE,71,COST_WITHOUT_PURCHASE_SOURCE|ATTRIBUTES_INCOMPLETE|ONLY_ONE_IMAGE|ACTIVE_WITH_INCOMPLETE_ATTRIBUTES,Revisar costo contra la ultima compra confirmada.,HIGH
9a56021e-9a8c-4bc6-a937-996d46faec61,Lattafa Khamrah,lattafa-khamrah,Perfumes,active,1,43350,COST_WITHOUT_PURCHASE_SOURCE,,,84448,65025,94.81,50,DESCRIPTION_NEEDS_VERIFICATION,No referencia claramente el producto auditado.,ATTRIBUTES_OK,Cubre los atributos esperados para la categoria.,0,NO_IMAGES,57,COST_WITHOUT_PURCHASE_SOURCE|DESCRIPTION_NEEDS_VERIFICATION|NO_IMAGES|ACTIVE_WITHOUT_USEFUL_DESCRIPTION|ACTIVE_WITHOUT_IMAGE,Revisar costo contra la ultima compra confirmada.,HIGH
aa3a931a-ef24-40b9-b65b-d2e2acd87a2b,LATTAFA KHAMRAH - 100ML,lattafa-khamrah-100ml,Perfumes,active,0,43700,COST_WITHOUT_PURCHASE_SOURCE,,,96480.52,74290,120.78,70,DESCRIPTION_GOOD,Descripcion extensa y especifica.,ATTRIBUTES_INCOMPLETE,Faltan: brand.,0,NO_IMAGES,57,COST_WITHOUT_PURCHASE_SOURCE|ATTRIBUTES_INCOMPLETE|NO_IMAGES|ACTIVE_WITHOUT_IMAGE|ACTIVE_WITH_INCOMPLETE_ATTRIBUTES,Revisar costo contra la ultima compra confirmada.,HIGH
f044976f-c174-445b-8349-d5c62c424a56,LATTAFA MAYAR - 100ML,lattafa-mayar-100ml,Perfumes,active,0,42930,COST_WITHOUT_PURCHASE_SOURCE,,,83629.87,64395,94.81,50,DESCRIPTION_GOOD,Descripcion extensa y especifica.,ATTRIBUTES_INCOMPLETE,Faltan: brand.,0,NO_IMAGES,57,COST_WITHOUT_PURCHASE_SOURCE|ATTRIBUTES_INCOMPLETE|NO_IMAGES|ACTIVE_WITHOUT_IMAGE|ACTIVE_WITH_INCOMPLETE_ATTRIBUTES,Revisar costo contra la ultima compra confirmada.,HIGH
111846de-d228-438a-885b-f2a426a38489,Lattafa Mayar Natural Intense,lattafa-mayar-natural-intense,Perfumes,active,0,38500,COST_WITHOUT_PURCHASE_SOURCE,,,80000,61600,107.79,60,DESCRIPTION_GOOD,Descripcion extensa y especifica.,ATTRIBUTES_INCOMPLETE,Faltan: brand.,0,NO_IMAGES,57,COST_WITHOUT_PURCHASE_SOURCE|ATTRIBUTES_INCOMPLETE|NO_IMAGES|ACTIVE_WITHOUT_IMAGE|ACTIVE_WITH_INCOMPLETE_ATTRIBUTES,Revisar costo contra la ultima compra confirmada.,HIGH
540bdab9-469a-4c01-b122-e3c70557251f,Lattafa Musamam White Intense,lattafa-musamam-white-intense,Perfumes,active,0,67297.35,COST_WITHOUT_PURCHASE_SOURCE,,,131098.73,100946.03,94.81,50,DESCRIPTION_GOOD,Descripcion extensa y especifica.,ATTRIBUTES_INCOMPLETE,Faltan: brand.,0,NO_IMAGES,57,COST_WITHOUT_PURCHASE_SOURCE|ATTRIBUTES_INCOMPLETE|NO_IMAGES|ACTIVE_WITHOUT_IMAGE|ACTIVE_WITH_INCOMPLETE_ATTRIBUTES,Revisar costo contra la ultima compra confirmada.,HIGH
65027262-d36d-4230-a859-40a007489bfa,Lattafa Opulent Dubai,lattafa-opulent-dubai,Perfumes,active,1,35030,COST_WITHOUT_PURCHASE_SOURCE,,,81888,63054,133.77,80,DESCRIPTION_GENERIC,Contiene texto comercial intercambiable entre productos.,ATTRIBUTES_OK,Cubre los atributos esperados para la categoria.,1,ONLY_ONE_IMAGE,71,COST_WITHOUT_PURCHASE_SOURCE|DESCRIPTION_GENERIC|ONLY_ONE_IMAGE|ACTIVE_WITHOUT_USEFUL_DESCRIPTION,Revisar costo contra la ultima compra confirmada.,HIGH
1354e3bc-2fa3-486d-a43a-d38da696f160,Lattafa Pride Nebras,lattafa-pride-nebras,Perfumes,active,0,42500,COST_WITHOUT_PURCHASE_SOURCE,,,82792.21,63750,94.81,50,DESCRIPTION_GOOD,Descripcion extensa y especifica.,ATTRIBUTES_OK,Cubre los atributos esperados para la categoria.,1,ONLY_ONE_IMAGE,86,COST_WITHOUT_PURCHASE_SOURCE|ONLY_ONE_IMAGE,Revisar costo contra la ultima compra confirmada.,MEDIUM
1a0e151a-fe10-4276-9b0e-a3db50759c41,Lattafa Qaed Al Fursan,lattafa-qaed-al-fursan,Perfumes,active,0,34700,COST_WITHOUT_PURCHASE_SOURCE,,,72103.9,55520,107.79,60,DESCRIPTION_GOOD,Descripcion extensa y especifica.,ATTRIBUTES_OK,Cubre los atributos esperados para la categoria.,1,ONLY_ONE_IMAGE,86,COST_WITHOUT_PURCHASE_SOURCE|ONLY_ONE_IMAGE,Revisar costo contra la ultima compra confirmada.,MEDIUM
a6158818-9fa9-4762-a98f-06d6f7a8afb3,Lattafa Yara Candy,lattafa-yara-candy,Perfumes,active,0,41700,COST_WITHOUT_PURCHASE_SOURCE,,,86649.35,66720,107.79,60,DESCRIPTION_GOOD,Descripcion extensa y especifica.,ATTRIBUTES_INCOMPLETE,Faltan: brand.,0,NO_IMAGES,57,COST_WITHOUT_PURCHASE_SOURCE|ATTRIBUTES_INCOMPLETE|NO_IMAGES|ACTIVE_WITHOUT_IMAGE|ACTIVE_WITH_INCOMPLETE_ATTRIBUTES,Revisar costo contra la ultima compra confirmada.,HIGH
900a7c30-7412-4da3-b300-7d013044e853,Lattafa Yara moi,lattafa-yara-moi,Perfumes,active,0,40600,COST_WITHOUT_PURCHASE_SOURCE,,,84363.64,64960,107.79,60,DESCRIPTION_GOOD,Descripcion extensa y especifica.,ATTRIBUTES_OK,Cubre los atributos esperados para la categoria.,1,ONLY_ONE_IMAGE,86,COST_WITHOUT_PURCHASE_SOURCE|ONLY_ONE_IMAGE,Revisar costo contra la ultima compra confirmada.,MEDIUM
f1cb2323-0e7f-49d6-a26f-110595c90e55,Lattafa Yara Rosa,lattafa-yara-rosa,Perfumes,active,0,44700,COST_WITHOUT_PURCHASE_SOURCE,,,87077.92,67050,94.81,50,DESCRIPTION_GOOD,Descripcion extensa y especifica.,ATTRIBUTES_OK,Cubre los atributos esperados para la categoria.,1,ONLY_ONE_IMAGE,86,COST_WITHOUT_PURCHASE_SOURCE|ONLY_ONE_IMAGE,Revisar costo contra la ultima compra confirmada.,MEDIUM
05b34469-3eb8-4148-8e97-9a19f1c2df6e,Lattafa Yara Rosa,perfume-yara-rosa,Perfumes,active,1,32504,COST_WITHOUT_PURCHASE_SOURCE,,,71763,55257,120.78,70,DESCRIPTION_GENERIC,Contiene texto comercial intercambiable entre productos.,ATTRIBUTES_OK,Cubre los atributos esperados para la categoria.,1,ONLY_ONE_IMAGE,71,COST_WITHOUT_PURCHASE_SOURCE|DESCRIPTION_GENERIC|ONLY_ONE_IMAGE|ACTIVE_WITHOUT_USEFUL_DESCRIPTION,Revisar costo contra la ultima compra confirmada.,HIGH
e53066cc-9c35-47e2-8d27-0fe5fb425ce8,Lattafa Yara Tous,perfume-lattafa-yara-tous,Perfumes,active,2,31930,COST_WITHOUT_PURCHASE_SOURCE,,,66349,51088,107.8,60,DESCRIPTION_GENERIC,Contiene texto comercial intercambiable entre productos.,ATTRIBUTES_OK,Cubre los atributos esperados para la categoria.,2,ORDER_REVIEW,57,COST_WITHOUT_PURCHASE_SOURCE|DESCRIPTION_GENERIC|ORDER_REVIEW|ACTIVE_WITHOUT_USEFUL_DESCRIPTION,Revisar costo contra la ultima compra confirmada.,HIGH
ef80b721-2c20-466d-8584-a9ab852dd6ca,Lattafa Yara Tous,lattafa-yara-tous,Perfumes,active,0,42450,COST_WITHOUT_PURCHASE_SOURCE,,,88207.79,67920,107.79,60,DESCRIPTION_GOOD,Descripcion extensa y especifica.,ATTRIBUTES_INCOMPLETE,Faltan: brand.,0,NO_IMAGES,57,COST_WITHOUT_PURCHASE_SOURCE|ATTRIBUTES_INCOMPLETE|NO_IMAGES|ACTIVE_WITHOUT_IMAGE|ACTIVE_WITH_INCOMPLETE_ATTRIBUTES,Revisar costo contra la ultima compra confirmada.,HIGH
5c0709ee-5299-433f-af37-628d4efa09ff,Mate Algarrobo Acrilico,mate-algarrobo-acrilico,Mates,draft,0,14900,COST_WITHOUT_PURCHASE_SOURCE,,,25155.84,19370,68.83,30,DESCRIPTION_GOOD,Descripcion extensa y especifica.,ATTRIBUTES_INCOMPLETE,"Faltan: material, color.",0,NO_IMAGES,57,COST_WITHOUT_PURCHASE_SOURCE|ATTRIBUTES_INCOMPLETE|NO_IMAGES,Revisar costo contra la ultima compra confirmada.,MEDIUM
06d245a5-6028-42dd-89d8-1e1f1b598faf,Mate Camionero Argentina,mate-camionero-argentina,Mates,active,1,8640,COST_WITHOUT_PURCHASE_SOURCE,,,34784.42,26784,302.6,210,DESCRIPTION_GOOD,Descripcion extensa y especifica.,ATTRIBUTES_INCOMPLETE,"Faltan: material, color.",1,ONLY_ONE_IMAGE,71,COST_WITHOUT_PURCHASE_SOURCE|ATTRIBUTES_INCOMPLETE|ONLY_ONE_IMAGE|ACTIVE_WITH_INCOMPLETE_ATTRIBUTES,Revisar costo contra la ultima compra confirmada.,HIGH
d6d024ff-1804-4be5-838b-8f7af9ca363d,Mate Camionero Harry Potter,mate-camionero-harry-potter,Mates,active,1,8640,COST_WITHOUT_PURCHASE_SOURCE,,,34784.42,26784,302.6,210,DESCRIPTION_GOOD,Descripcion extensa y especifica.,ATTRIBUTES_INCOMPLETE,"Faltan: material, color.",1,ONLY_ONE_IMAGE,71,COST_WITHOUT_PURCHASE_SOURCE|ATTRIBUTES_INCOMPLETE|ONLY_ONE_IMAGE|ACTIVE_WITH_INCOMPLETE_ATTRIBUTES,Revisar costo contra la ultima compra confirmada.,HIGH
ff56264b-c183-404b-984f-205e95eea65a,Mate Camionero Messi,mate-camionero-messi,Mates,active,1,8640,COST_WITHOUT_PURCHASE_SOURCE,,,34784.42,26784,302.6,210,DESCRIPTION_GOOD,Descripcion extensa y especifica.,ATTRIBUTES_INCOMPLETE,"Faltan: material, color.",1,ONLY_ONE_IMAGE,71,COST_WITHOUT_PURCHASE_SOURCE|ATTRIBUTES_INCOMPLETE|ONLY_ONE_IMAGE|ACTIVE_WITH_INCOMPLETE_ATTRIBUTES,Revisar costo contra la ultima compra confirmada.,HIGH
39310ff1-8765-464b-89f2-cbb245581879,Mate Camionero Patagónia,mate-camionero-patagonia,Mates,active,1,8640,COST_WITHOUT_PURCHASE_SOURCE,,,34784.42,26784,302.6,210,DESCRIPTION_GOOD,Descripcion extensa y especifica.,ATTRIBUTES_INCOMPLETE,"Faltan: material, color.",1,ONLY_ONE_IMAGE,71,COST_WITHOUT_PURCHASE_SOURCE|ATTRIBUTES_INCOMPLETE|ONLY_ONE_IMAGE|ACTIVE_WITH_INCOMPLETE_ATTRIBUTES,Revisar costo contra la ultima compra confirmada.,HIGH
41cec216-c896-452a-8e38-15730ebafa35,Mate Camionero Ruta,mate-camionero-ruta,Mates,active,1,8640,COST_WITHOUT_PURCHASE_SOURCE,,,34784.42,26784,302.6,210,DESCRIPTION_GOOD,Descripcion extensa y especifica.,ATTRIBUTES_INCOMPLETE,"Faltan: material, color.",1,ONLY_ONE_IMAGE,71,COST_WITHOUT_PURCHASE_SOURCE|ATTRIBUTES_INCOMPLETE|ONLY_ONE_IMAGE|ACTIVE_WITH_INCOMPLETE_ATTRIBUTES,Revisar costo contra la ultima compra confirmada.,HIGH
d4d1925f-333b-449d-b419-c0024e91397e,Mate Camionero virola alpaca cincelada con apliques de bronce,mate-camionero-virola-alpaca-cincelada-con-apliques-de-bronce,Mates,draft,0,16800,COST_WITHOUT_PURCHASE_SOURCE,,,32727.27,25200,94.81,50,DESCRIPTION_GOOD,Descripcion extensa y especifica.,ATTRIBUTES_INCOMPLETE,"Faltan: material, color.",0,NO_IMAGES,57,COST_WITHOUT_PURCHASE_SOURCE|ATTRIBUTES_INCOMPLETE|NO_IMAGES,Revisar costo contra la ultima compra confirmada.,MEDIUM
0c74c49c-47fd-41e4-b07b-730afc08a6cd,Mate Camionero virola de acero inox,mate-camionero-virola-de-acero-inox,Mates,draft,0,12900,COST_WITHOUT_PURCHASE_SOURCE,,,25129.87,19350,94.81,50,DESCRIPTION_GOOD,Descripcion extensa y especifica.,ATTRIBUTES_INCOMPLETE,"Faltan: material, color.",0,NO_IMAGES,57,COST_WITHOUT_PURCHASE_SOURCE|ATTRIBUTES_INCOMPLETE|NO_IMAGES,Revisar costo contra la ultima compra confirmada.,MEDIUM
5d19483f-7ab7-4073-a360-65c7eda94e57,mate cuadrado,mate-cuadrado,Regalos,active,1,21500,COST_OK,21500,2026-09-17T20:34:34.380179+00:00,0,,-100,,DESCRIPTION_MISSING,No tiene descripcion.,ATTRIBUTES_MISSING,Faltan: type.,0,NO_IMAGES,43,DESCRIPTION_MISSING|ATTRIBUTES_MISSING|NO_IMAGES|PRICE_INVALID|LIST_MARGIN_NEGATIVE|ACTIVE_WITHOUT_SELLABLE_PRICE|ACTIVE_WITHOUT_USEFUL_DESCRIPTION|ACTIVE_WITHOUT_IMAGE|ACTIVE_WITH_INCOMPLETE_ATTRIBUTES,Revisar precios y margen antes de vender.,CRITICAL
032d8b00-dd7e-4700-b8d4-106ccf93ba1a,Mate Imperial algarrobo con grabado BOCA JUNIORS,mate-imperial-algarrobo-con-grabado-boca-juniors,Mates,active,1,11550,COST_WITHOUT_PURCHASE_SOURCE,,,43500,33495,276.62,190,DESCRIPTION_GOOD,Descripcion extensa y especifica.,ATTRIBUTES_INCOMPLETE,"Faltan: material, color.",1,ONLY_ONE_IMAGE,71,COST_WITHOUT_PURCHASE_SOURCE|ATTRIBUTES_INCOMPLETE|ONLY_ONE_IMAGE|ACTIVE_WITH_INCOMPLETE_ATTRIBUTES,Revisar costo contra la ultima compra confirmada.,HIGH
19fba313-0653-4d9c-9e1a-f62a46652bf5,Mate Imperial algarrobo con grabado RIVER PLATE,mate-imperial-algarrobo-con-grabado-river-plate,Mates,active,1,11550,COST_WITHOUT_PURCHASE_SOURCE,,,43500,33495,276.62,190,DESCRIPTION_GOOD,Descripcion extensa y especifica.,ATTRIBUTES_INCOMPLETE,"Faltan: material, color.",1,ONLY_ONE_IMAGE,71,COST_WITHOUT_PURCHASE_SOURCE|ATTRIBUTES_INCOMPLETE|ONLY_ONE_IMAGE|ACTIVE_WITH_INCOMPLETE_ATTRIBUTES,Revisar costo contra la ultima compra confirmada.,HIGH
e7ceb4e9-34e4-469b-b225-5de2e3cb5a8a,Mate Imperial Animal Print  virola cincelada con aplique,mate-imperial-animal-print-virola-cincelada-con-aplique,Mates,draft,0,26400,COST_WITHOUT_PURCHASE_SOURCE,,,51428.57,39600,94.81,50,DESCRIPTION_GOOD,Descripcion extensa y especifica.,ATTRIBUTES_INCOMPLETE,"Faltan: material, color.",0,NO_IMAGES,57,COST_WITHOUT_PURCHASE_SOURCE|ATTRIBUTES_INCOMPLETE|NO_IMAGES,Revisar costo contra la ultima compra confirmada.,MEDIUM
c022616a-218b-4dbc-b219-6460f0ec0abc,Mate Imperial Animal Print  virola lisa,mate-imperial-animal-print-virola-lisa,Mates,draft,0,24300,COST_WITHOUT_PURCHASE_SOURCE,,,47337.66,36450,94.81,50,DESCRIPTION_GOOD,Descripcion extensa y especifica.,ATTRIBUTES_INCOMPLETE,"Faltan: material, color.",0,NO_IMAGES,57,COST_WITHOUT_PURCHASE_SOURCE|ATTRIBUTES_INCOMPLETE|NO_IMAGES,Revisar costo contra la ultima compra confirmada.,MEDIUM
9c05ba0b-731a-4701-80e6-450c1a4552fb,Mate Imperial cuero liso virola acero y bronce con botitas,mate-imperial-cuero-liso-virola-acero-y-bronce-con-botitas,Mates,draft,0,26500,COST_WITHOUT_PURCHASE_SOURCE,,,51623.38,39750,94.81,50,DESCRIPTION_GOOD,Descripcion extensa y especifica.,ATTRIBUTES_INCOMPLETE,"Faltan: material, color.",0,NO_IMAGES,57,COST_WITHOUT_PURCHASE_SOURCE|ATTRIBUTES_INCOMPLETE|NO_IMAGES,Revisar costo contra la ultima compra confirmada.,MEDIUM
fb74b40d-84d4-4626-b313-fa8fac9275ad,Mate Imperial Liso,mate-imperial-liso,Mates,draft,0,17800,COST_WITHOUT_PURCHASE_SOURCE,,,34675.32,26700,94.81,50,DESCRIPTION_GOOD,Descripcion extensa y especifica.,ATTRIBUTES_INCOMPLETE,"Faltan: material, color.",0,NO_IMAGES,57,COST_WITHOUT_PURCHASE_SOURCE|ATTRIBUTES_INCOMPLETE|NO_IMAGES,Revisar costo contra la ultima compra confirmada.,MEDIUM
ee468a5a-10b6-4b63-9b6d-b9d4b4b50a3d,Mate Imperial Premium,mate-imperial-premium,Mates,active,3,,COST_MISSING,,,69000,,,,DESCRIPTION_NEEDS_VERIFICATION,No referencia claramente el producto auditado.,ATTRIBUTES_INCOMPLETE,"Faltan: material, color.",0,NO_IMAGES,43,COST_MISSING|DESCRIPTION_NEEDS_VERIFICATION|ATTRIBUTES_INCOMPLETE|NO_IMAGES|ACTIVE_WITHOUT_USEFUL_DESCRIPTION|ACTIVE_WITHOUT_IMAGE|ACTIVE_WITH_INCOMPLETE_ATTRIBUTES,Revisar costo contra la ultima compra confirmada.,HIGH
4f4d04b7-f869-4b24-8cb4-9817c9d2ccef,Mate Imperial virola alpaca cincelada premium,mate-imperial-virola-alpaca-cincelada-premium,Mates,active,1,19100,COST_WITHOUT_PURCHASE_SOURCE,,,37207.79,28650,94.81,50,DESCRIPTION_GENERIC,Contiene texto comercial intercambiable entre productos.,ATTRIBUTES_INCOMPLETE,"Faltan: material, color.",0,NO_IMAGES,43,COST_WITHOUT_PURCHASE_SOURCE|DESCRIPTION_GENERIC|ATTRIBUTES_INCOMPLETE|NO_IMAGES|ACTIVE_WITHOUT_USEFUL_DESCRIPTION|ACTIVE_WITHOUT_IMAGE|ACTIVE_WITH_INCOMPLETE_ATTRIBUTES,Revisar costo contra la ultima compra confirmada.,HIGH
6d3eab98-fb35-4baf-9357-581f84c3dd1e,MATE STANLEY,mate-stanley,Termos,draft,0,3200,COST_WITHOUT_PURCHASE_SOURCE,,,20779.22,16000,549.35,400,DESCRIPTION_GOOD,Descripcion extensa y especifica.,ATTRIBUTES_INCOMPLETE,"Faltan: brand, capacity, material, color.",0,NO_IMAGES,57,COST_WITHOUT_PURCHASE_SOURCE|ATTRIBUTES_INCOMPLETE|NO_IMAGES,Revisar costo contra la ultima compra confirmada.,MEDIUM
fba9e477-4b03-48be-bbf1-4a7152105234,Mate Torpedo alpaca cincelada cuero dibujado con botitas,mate-torpedo-alpaca-cincelada-cuero-dibujado-con-botitas,Mates,draft,0,24500,COST_WITHOUT_PURCHASE_SOURCE,,,47727.27,36750,94.81,50,DESCRIPTION_GOOD,Descripcion extensa y especifica.,ATTRIBUTES_INCOMPLETE,"Faltan: material, color.",0,NO_IMAGES,57,COST_WITHOUT_PURCHASE_SOURCE|ATTRIBUTES_INCOMPLETE|NO_IMAGES,Revisar costo contra la ultima compra confirmada.,MEDIUM
2c39e1c9-cc23-4d4c-bb5d-8469f87e666b,Mate Torpedo animal print 100% cuero,mate-torpedo-animal-print-100-cuero,Mates,draft,0,27400,COST_WITHOUT_PURCHASE_SOURCE,,,53376.62,41100,94.81,50,DESCRIPTION_GOOD,Descripcion extensa y especifica.,ATTRIBUTES_INCOMPLETE,"Faltan: material, color.",0,NO_IMAGES,57,COST_WITHOUT_PURCHASE_SOURCE|ATTRIBUTES_INCOMPLETE|NO_IMAGES,Revisar costo contra la ultima compra confirmada.,MEDIUM
6d1059a4-9226-415a-ac5a-163b9545b04a,Mate Torpedo animal print alpaca cincelada,mate-torpedo-animal-print-alpaca-cincelada,Mates,draft,0,25400,COST_WITHOUT_PURCHASE_SOURCE,,,49480.52,38100,94.81,50,DESCRIPTION_GOOD,Descripcion extensa y especifica.,ATTRIBUTES_INCOMPLETE,"Faltan: material, color.",0,NO_IMAGES,57,COST_WITHOUT_PURCHASE_SOURCE|ATTRIBUTES_INCOMPLETE|NO_IMAGES,Revisar costo contra la ultima compra confirmada.,MEDIUM
a9f0a1e1-7acd-4bfe-a9e2-48e6f0a8354c,Mate Torpedo base de cuero virola cincelada de bronce,mate-torpedo-base-de-cuero-virola-cincelada-de-bronce,Mates,draft,0,24800,COST_WITHOUT_PURCHASE_SOURCE,,,48311.69,37200,94.81,50,DESCRIPTION_GOOD,Descripcion extensa y especifica.,ATTRIBUTES_INCOMPLETE,"Faltan: material, color.",0,NO_IMAGES,57,COST_WITHOUT_PURCHASE_SOURCE|ATTRIBUTES_INCOMPLETE|NO_IMAGES,Revisar costo contra la ultima compra confirmada.,MEDIUM
ef88ee42-4946-4544-9282-21d5d16f17ea,Mate Torpedo virola alpaca cincelada,mate-torpedo-virola-alpaca-cincelada,Mates,draft,0,16800,COST_WITHOUT_PURCHASE_SOURCE,,,32727.27,25200,94.81,50,DESCRIPTION_GOOD,Descripcion extensa y especifica.,ATTRIBUTES_INCOMPLETE,"Faltan: material, color.",0,NO_IMAGES,57,COST_WITHOUT_PURCHASE_SOURCE|ATTRIBUTES_INCOMPLETE|NO_IMAGES,Revisar costo contra la ultima compra confirmada.,MEDIUM
63350249-ae3f-457d-8e5f-e3bb60be80e3,Odyseey Limoni,odyseey-limoni,Perfumes,active,0,40000,COST_WITHOUT_PURCHASE_SOURCE,,,77922.08,60000,94.81,50,DESCRIPTION_GOOD,Descripcion extensa y especifica.,ATTRIBUTES_INCOMPLETE,Faltan: brand.,0,NO_IMAGES,57,COST_WITHOUT_PURCHASE_SOURCE|ATTRIBUTES_INCOMPLETE|NO_IMAGES|ACTIVE_WITHOUT_IMAGE|ACTIVE_WITH_INCOMPLETE_ATTRIBUTES,Revisar costo contra la ultima compra confirmada.,HIGH
73070e5d-763d-4d39-af59-957126199cab,Odyssey Aqua,odyssey-aqua,Perfumes,active,0,57600,COST_WITHOUT_PURCHASE_SOURCE,,,112207.79,86400,94.81,50,DESCRIPTION_GOOD,Descripcion extensa y especifica.,ATTRIBUTES_INCOMPLETE,Faltan: brand.,0,NO_IMAGES,57,COST_WITHOUT_PURCHASE_SOURCE|ATTRIBUTES_INCOMPLETE|NO_IMAGES|ACTIVE_WITHOUT_IMAGE|ACTIVE_WITH_INCOMPLETE_ATTRIBUTES,Revisar costo contra la ultima compra confirmada.,HIGH
53dda192-fa55-4d00-8deb-592b5f8deb4e,Odyssey Artisto,odyssey-artisto,Perfumes,active,0,50549,COST_WITHOUT_PURCHASE_SOURCE,,,111601.69,85933.3,120.78,70,DESCRIPTION_GOOD,Descripcion extensa y especifica.,ATTRIBUTES_INCOMPLETE,Faltan: brand.,0,NO_IMAGES,57,COST_WITHOUT_PURCHASE_SOURCE|ATTRIBUTES_INCOMPLETE|NO_IMAGES|ACTIVE_WITHOUT_IMAGE|ACTIVE_WITH_INCOMPLETE_ATTRIBUTES,Revisar costo contra la ultima compra confirmada.,HIGH
0c177ab6-1db8-4692-8bda-2ec0dcb7156a,Odyssey Go Mango,odyssey-go-mango,Perfumes,active,0,75138.5,COST_WITHOUT_PURCHASE_SOURCE,,,146373.7,112707.75,94.81,50,DESCRIPTION_GOOD,Descripcion extensa y especifica.,ATTRIBUTES_INCOMPLETE,Faltan: brand.,0,NO_IMAGES,57,COST_WITHOUT_PURCHASE_SOURCE|ATTRIBUTES_INCOMPLETE|NO_IMAGES|ACTIVE_WITHOUT_IMAGE|ACTIVE_WITH_INCOMPLETE_ATTRIBUTES,Revisar costo contra la ultima compra confirmada.,HIGH
c880c7b1-61bd-44be-93c7-9c4be028bc20,Odyssey Homme Black,odyssey-homme-black,Accesorios,draft,0,34545,COST_WITHOUT_PURCHASE_SOURCE,,,80755,62181,133.77,80,DESCRIPTION_GOOD,Descripcion extensa y especifica.,ATTRIBUTES_OK,Cubre los atributos esperados para la categoria.,0,NO_IMAGES,71,COST_WITHOUT_PURCHASE_SOURCE|NO_IMAGES,Revisar costo contra la ultima compra confirmada.,MEDIUM
b93f703a-2a95-4167-b9ea-168c380456b3,ODYSSEY MANDARIN SKY,odyssey-mandarin-sky,Perfumes,active,0,48000,COST_WITHOUT_PURCHASE_SOURCE,,,93506.49,72000,94.81,50,DESCRIPTION_GOOD,Descripcion extensa y especifica.,ATTRIBUTES_INCOMPLETE,Faltan: brand.,0,NO_IMAGES,57,COST_WITHOUT_PURCHASE_SOURCE|ATTRIBUTES_INCOMPLETE|NO_IMAGES|ACTIVE_WITHOUT_IMAGE|ACTIVE_WITH_INCOMPLETE_ATTRIBUTES,Revisar costo contra la ultima compra confirmada.,HIGH
68c61d33-eb0e-4078-85fd-4481f7856451,Odyssey Mega,odyssey-mega,Perfumes,active,0,40500,COST_WITHOUT_PURCHASE_SOURCE,,,78896.1,60750,94.81,50,DESCRIPTION_GOOD,Descripcion extensa y especifica.,ATTRIBUTES_INCOMPLETE,Faltan: brand.,0,NO_IMAGES,57,COST_WITHOUT_PURCHASE_SOURCE|ATTRIBUTES_INCOMPLETE|NO_IMAGES|ACTIVE_WITHOUT_IMAGE|ACTIVE_WITH_INCOMPLETE_ATTRIBUTES,Revisar costo contra la ultima compra confirmada.,HIGH
f65ba129-7183-4894-bd1c-c9676df030ad,Odyssey Wild One,odyssey-wild-one,Perfumes,active,0,41000,COST_WITHOUT_PURCHASE_SOURCE,,,95844.16,73800,133.77,80,DESCRIPTION_GOOD,Descripcion extensa y especifica.,ATTRIBUTES_INCOMPLETE,Faltan: brand.,0,NO_IMAGES,57,COST_WITHOUT_PURCHASE_SOURCE|ATTRIBUTES_INCOMPLETE|NO_IMAGES|ACTIVE_WITHOUT_IMAGE|ACTIVE_WITH_INCOMPLETE_ATTRIBUTES,Revisar costo contra la ultima compra confirmada.,HIGH
917dd573-dc58-435a-85a4-c6b55bcd7ffc,Opulent Dubai,opulent-dubai,Perfumes,active,0,45000,COST_WITHOUT_PURCHASE_SOURCE,,,93506.49,72000,107.79,60,DESCRIPTION_GOOD,Descripcion extensa y especifica.,ATTRIBUTES_INCOMPLETE,Faltan: brand.,0,NO_IMAGES,57,COST_WITHOUT_PURCHASE_SOURCE|ATTRIBUTES_INCOMPLETE|NO_IMAGES|ACTIVE_WITHOUT_IMAGE|ACTIVE_WITH_INCOMPLETE_ATTRIBUTES,Revisar costo contra la ultima compra confirmada.,HIGH
1a7fd59a-75ee-4255-9ae0-277b3be4bd2e,PARLANTE JBL GO3,parlante-jbl-go3,Electrónica,draft,0,16160,COST_WITHOUT_PURCHASE_SOURCE,,,48270.13,37168,198.7,130,DESCRIPTION_GOOD,Descripcion extensa y especifica.,ATTRIBUTES_INCOMPLETE,"Faltan: brand, model, connectivity.",0,NO_IMAGES,57,COST_WITHOUT_PURCHASE_SOURCE|ATTRIBUTES_INCOMPLETE|NO_IMAGES,Revisar costo contra la ultima compra confirmada.,MEDIUM
4d1af887-4b48-4be4-82e1-c0d9effb1a30,PHILOS PURA - 100ML,philos-pura-100ml,Perfumes,active,0,42300,COST_WITHOUT_PURCHASE_SOURCE,,,82402.6,63450,94.81,50,DESCRIPTION_GOOD,Descripcion extensa y especifica.,ATTRIBUTES_INCOMPLETE,Faltan: brand.,0,NO_IMAGES,57,COST_WITHOUT_PURCHASE_SOURCE|ATTRIBUTES_INCOMPLETE|NO_IMAGES|ACTIVE_WITHOUT_IMAGE|ACTIVE_WITH_INCOMPLETE_ATTRIBUTES,Revisar costo contra la ultima compra confirmada.,HIGH
a2843178-0691-4a35-bb30-b475b3e941ff,Porta mate cuero Marrón,porta-mate-cuero,Accesorios,active,1,7150,COST_WITHOUT_PURCHASE_SOURCE,,,23214.29,17875,224.68,150,DESCRIPTION_GOOD,Descripcion extensa y especifica.,ATTRIBUTES_OK,Cubre los atributos esperados para la categoria.,1,ONLY_ONE_IMAGE,86,COST_WITHOUT_PURCHASE_SOURCE|ONLY_ONE_IMAGE,Revisar costo contra la ultima compra confirmada.,MEDIUM
165c4d74-286a-4882-9370-e47001f85e95,Porta mate cuero Marrón Oscuro,porta-mate-cuero-marron-oscuro,Accesorios,active,1,7150,COST_WITHOUT_PURCHASE_SOURCE,,,23214,17875,224.67,150,DESCRIPTION_GENERIC,Contiene texto comercial intercambiable entre productos.,ATTRIBUTES_MISSING,Faltan: type.,1,ONLY_ONE_IMAGE,57,COST_WITHOUT_PURCHASE_SOURCE|DESCRIPTION_GENERIC|ATTRIBUTES_MISSING|ONLY_ONE_IMAGE|ACTIVE_WITHOUT_USEFUL_DESCRIPTION|ACTIVE_WITH_INCOMPLETE_ATTRIBUTES,Revisar costo contra la ultima compra confirmada.,HIGH
431f2731-783f-49b2-8af5-bb9c7cbf0c43,PS5 SLIM DIGITAL 1TB + 1 JOYSTICK,ps5-slim-digital-1tb-1-joystick,Accesorios,draft,0,550,COST_WITHOUT_PURCHASE_SOURCE,,,2143,1650,289.64,200,DESCRIPTION_GOOD,Descripcion extensa y especifica.,ATTRIBUTES_OK,Cubre los atributos esperados para la categoria.,0,NO_IMAGES,71,COST_WITHOUT_PURCHASE_SOURCE|NO_IMAGES,Revisar costo contra la ultima compra confirmada.,MEDIUM
bedb3ca2-68ed-4158-a00f-4b203b4d8f92,Qaed Al Fursan Untamed,qaed-al-fursan-untamed,Perfumes,active,0,36000,COST_WITHOUT_PURCHASE_SOURCE,,,74805.19,57600,107.79,60,DESCRIPTION_GOOD,Descripcion extensa y especifica.,ATTRIBUTES_INCOMPLETE,Faltan: brand.,0,NO_IMAGES,57,COST_WITHOUT_PURCHASE_SOURCE|ATTRIBUTES_INCOMPLETE|NO_IMAGES|ACTIVE_WITHOUT_IMAGE|ACTIVE_WITH_INCOMPLETE_ATTRIBUTES,Revisar costo contra la ultima compra confirmada.,HIGH
880dfa55-41c2-4275-91e7-ca7def54ec14,Rasasi Hawas For Him,rasasi-hawas-for-him,Perfumes,active,1,36596,COST_WITHOUT_PURCHASE_SOURCE,,,90301.98,69533,146.75,90,DESCRIPTION_GENERIC,Contiene texto comercial intercambiable entre productos.,ATTRIBUTES_OK,Cubre los atributos esperados para la categoria.,2,ORDER_REVIEW,57,COST_WITHOUT_PURCHASE_SOURCE|DESCRIPTION_GENERIC|ORDER_REVIEW|ACTIVE_WITHOUT_USEFUL_DESCRIPTION,Revisar costo contra la ultima compra confirmada.,HIGH
7d334fd0-24b8-422a-a5bd-daa7de0e2947,RASSASI HAWAS FOR HIM,rassasi-hawas-for-him,Perfumes,active,0,48000,COST_WITHOUT_PURCHASE_SOURCE,,,99740.26,76800,107.79,60,DESCRIPTION_GOOD,Descripcion extensa y especifica.,ATTRIBUTES_INCOMPLETE,Faltan: brand.,0,NO_IMAGES,57,COST_WITHOUT_PURCHASE_SOURCE|ATTRIBUTES_INCOMPLETE|NO_IMAGES|ACTIVE_WITHOUT_IMAGE|ACTIVE_WITH_INCOMPLETE_ATTRIBUTES,Revisar costo contra la ultima compra confirmada.,HIGH
f57365ec-33f2-4807-aa64-18a77c00b00b,SALVO ELIXIR - 60ML,salvo-elixir-60ml,Perfumes,active,1,38300,COST_WITHOUT_PURCHASE_SOURCE,,,79584.42,61280,107.79,60,DESCRIPTION_GOOD,Descripcion extensa y especifica.,ATTRIBUTES_INCOMPLETE,"Faltan: brand, gender, intensity.",1,ONLY_ONE_IMAGE,71,COST_WITHOUT_PURCHASE_SOURCE|ATTRIBUTES_INCOMPLETE|ONLY_ONE_IMAGE|ACTIVE_WITH_INCOMPLETE_ATTRIBUTES,Revisar costo contra la ultima compra confirmada.,HIGH
d26152c8-44cf-4db0-9dc6-b46e728f85e0,Sceptre Malachite Maison Alhambra,sceptre-malachite-maison-alhambra,Perfumes,active,0,39636.5,COST_WITHOUT_PURCHASE_SOURCE,,,82361.56,63418.4,107.79,60,DESCRIPTION_GOOD,Descripcion extensa y especifica.,ATTRIBUTES_INCOMPLETE,Faltan: brand.,0,NO_IMAGES,57,COST_WITHOUT_PURCHASE_SOURCE|ATTRIBUTES_INCOMPLETE|NO_IMAGES|ACTIVE_WITHOUT_IMAGE|ACTIVE_WITH_INCOMPLETE_ATTRIBUTES,Revisar costo contra la ultima compra confirmada.,HIGH
1972ae36-3e41-421a-ae47-e32f8b5fc407,TEMPLADOS,templados,Accesorios,draft,0,1950,COST_WITHOUT_PURCHASE_SOURCE,,,7597.4,5850,289.61,200,DESCRIPTION_GOOD,Descripcion extensa y especifica.,ATTRIBUTES_OK,Cubre los atributos esperados para la categoria.,0,NO_IMAGES,71,COST_WITHOUT_PURCHASE_SOURCE|NO_IMAGES,Revisar costo contra la ultima compra confirmada.,MEDIUM
cd5debfb-af46-45a5-9c20-ecf6bbb27c53,Termo de acero negro,termo-de-acero-negro,Termos,draft,0,16999,COST_WITHOUT_PURCHASE_SOURCE,,,37530.26,28898.3,120.78,70,DESCRIPTION_GOOD,Descripcion extensa y especifica.,ATTRIBUTES_INCOMPLETE,"Faltan: brand, capacity, material, color.",0,NO_IMAGES,57,COST_WITHOUT_PURCHASE_SOURCE|ATTRIBUTES_INCOMPLETE|NO_IMAGES,Revisar costo contra la ultima compra confirmada.,MEDIUM
f88b4746-0c70-421e-920f-0e066ef18a38,TERMO MATESYSTEM,termo-matesystem,Termos,draft,0,20200,COST_WITHOUT_PURCHASE_SOURCE,,,78701.3,60600,289.61,200,DESCRIPTION_GOOD,Descripcion extensa y especifica.,ATTRIBUTES_INCOMPLETE,"Faltan: brand, capacity, material, color.",0,NO_IMAGES,57,COST_WITHOUT_PURCHASE_SOURCE|ATTRIBUTES_INCOMPLETE|NO_IMAGES,Revisar costo contra la ultima compra confirmada.,MEDIUM
b223e3e9-3bb6-4da9-8a62-a03a4fd994e0,Termo media manija negro 1L,termo-media-manija-negro-1l,Termos,active,4,12640,COST_WITHOUT_PURCHASE_SOURCE,,,37755.84,29072,198.7,130,DESCRIPTION_GOOD,Descripcion extensa y especifica.,ATTRIBUTES_INCOMPLETE,"Faltan: brand, capacity, material, color.",1,ONLY_ONE_IMAGE,71,COST_WITHOUT_PURCHASE_SOURCE|ATTRIBUTES_INCOMPLETE|ONLY_ONE_IMAGE|ACTIVE_WITH_INCOMPLETE_ATTRIBUTES,Revisar costo contra la ultima compra confirmada.,HIGH
5585ed23-1d19-40b0-a443-81953a999e9c,Termo Pico System,termo-pico-system,Termos,active,1,20600,COST_WITHOUT_PURCHASE_SOURCE,,,45480.52,35020,120.78,70,DESCRIPTION_GOOD,Descripcion extensa y especifica.,ATTRIBUTES_INCOMPLETE,"Faltan: brand, capacity, material, color.",1,ONLY_ONE_IMAGE,71,COST_WITHOUT_PURCHASE_SOURCE|ATTRIBUTES_INCOMPLETE|ONLY_ONE_IMAGE|ACTIVE_WITH_INCOMPLETE_ATTRIBUTES,Revisar costo contra la ultima compra confirmada.,HIGH
cb2f395b-d009-4358-9678-f5c892bc5c4d,TERMO STANLEY,termo-stanley,Termos,draft,0,19500,COST_WITHOUT_PURCHASE_SOURCE,,,43051.95,33150,120.78,70,DESCRIPTION_GOOD,Descripcion extensa y especifica.,ATTRIBUTES_INCOMPLETE,"Faltan: brand, capacity, material, color.",0,NO_IMAGES,57,COST_WITHOUT_PURCHASE_SOURCE|ATTRIBUTES_INCOMPLETE|NO_IMAGES,Revisar costo contra la ultima compra confirmada.,MEDIUM
dcf4dcf5-1abe-4c87-8e5a-0217532b4a69,Torpedo Criollo Con Base,torpedo-criollo-con-base,Accesorios,draft,0,19000,COST_WITHOUT_PURCHASE_SOURCE,,,37012.99,28500,94.81,50,DESCRIPTION_GOOD,Descripcion extensa y especifica.,ATTRIBUTES_OK,Cubre los atributos esperados para la categoria.,0,NO_IMAGES,71,COST_WITHOUT_PURCHASE_SOURCE|NO_IMAGES,Revisar costo contra la ultima compra confirmada.,MEDIUM
a4a3caa7-6a02-40c9-9412-549e98492b12,TRAVEL MANIJA,travel-manija,Accesorios,draft,0,15200,COST_WITHOUT_PURCHASE_SOURCE,,,31584.42,24320,107.79,60,DESCRIPTION_GOOD,Descripcion extensa y especifica.,ATTRIBUTES_OK,Cubre los atributos esperados para la categoria.,0,NO_IMAGES,71,COST_WITHOUT_PURCHASE_SOURCE|NO_IMAGES,Revisar costo contra la ultima compra confirmada.,MEDIUM
314ab75f-58b3-49c5-8602-cda72295d855,Uomo itense,uomo-itense,Perfumes,active,1,54400,COST_WITHOUT_PURCHASE_SOURCE,,,113038.96,87040,107.79,60,DESCRIPTION_GOOD,Descripcion extensa y especifica.,ATTRIBUTES_INCOMPLETE,Faltan: brand.,1,ONLY_ONE_IMAGE,71,COST_WITHOUT_PURCHASE_SOURCE|ATTRIBUTES_INCOMPLETE|ONLY_ONE_IMAGE|ACTIVE_WITH_INCOMPLETE_ATTRIBUTES,Revisar costo contra la ultima compra confirmada.,HIGH
3593d659-714c-40ed-9231-8e57064c0fc3,Vulcan Feu French Avenue,vulcan-feu-french-avenue,Perfumes,active,0,71064.5,COST_WITHOUT_PURCHASE_SOURCE,,,138437.34,106596.75,94.81,50,DESCRIPTION_GOOD,Descripcion extensa y especifica.,ATTRIBUTES_INCOMPLETE,Faltan: brand.,0,NO_IMAGES,57,COST_WITHOUT_PURCHASE_SOURCE|ATTRIBUTES_INCOMPLETE|NO_IMAGES|ACTIVE_WITHOUT_IMAGE|ACTIVE_WITH_INCOMPLETE_ATTRIBUTES,Revisar costo contra la ultima compra confirmada.,HIGH
919056a3-1dc9-4ae0-9f90-fbba8cf58be9,YARA ELIXIR - 100ML,yara-elixir-100ml,Perfumes,active,0,54500,COST_WITHOUT_PURCHASE_SOURCE,,,106168.83,81750,94.81,50,DESCRIPTION_GOOD,Descripcion extensa y especifica.,ATTRIBUTES_INCOMPLETE,Faltan: brand.,0,NO_IMAGES,57,COST_WITHOUT_PURCHASE_SOURCE|ATTRIBUTES_INCOMPLETE|NO_IMAGES|ACTIVE_WITHOUT_IMAGE|ACTIVE_WITH_INCOMPLETE_ATTRIBUTES,Revisar costo contra la ultima compra confirmada.,HIGH
ef9c93f0-e96f-409d-a3be-2105face156a,Yerba organica Sante molienda fina 1Kg,yerba-organica-sante-molienda-fina-1kg,Accesorios,draft,0,5500,COST_WITHOUT_PURCHASE_SOURCE,,,9285.71,7150,68.83,30,DESCRIPTION_GOOD,Descripcion extensa y especifica.,ATTRIBUTES_INCOMPLETE,"Faltan: brand, variety, capacity.",0,NO_IMAGES,57,COST_WITHOUT_PURCHASE_SOURCE|ATTRIBUTES_INCOMPLETE|NO_IMAGES,Revisar costo contra la ultima compra confirmada.,MEDIUM
2db3fb94-78ce-4ba3-b5f5-335c8a6d36c4,Yerba organica Sante molienda fina 500g,yerba-organica-sante-molienda-fina-500g,Accesorios,draft,0,2750,COST_WITHOUT_PURCHASE_SOURCE,,,5357.14,4125,94.81,50,DESCRIPTION_GOOD,Descripcion extensa y especifica.,ATTRIBUTES_INCOMPLETE,"Faltan: brand, variety, capacity.",0,NO_IMAGES,57,COST_WITHOUT_PURCHASE_SOURCE|ATTRIBUTES_INCOMPLETE|NO_IMAGES,Revisar costo contra la ultima compra confirmada.,MEDIUM
d2173255-1fa5-4432-8ccf-d55ecf0f93b8,Yerba organica Sante molienda gruesa 1Kg,yerba-organica-sante-molienda-gruesa-1kg,Accesorios,draft,0,5500,COST_WITHOUT_PURCHASE_SOURCE,,,9285.71,7150,68.83,30,DESCRIPTION_GOOD,Descripcion extensa y especifica.,ATTRIBUTES_INCOMPLETE,"Faltan: brand, variety, capacity.",0,NO_IMAGES,57,COST_WITHOUT_PURCHASE_SOURCE|ATTRIBUTES_INCOMPLETE|NO_IMAGES,Revisar costo contra la ultima compra confirmada.,MEDIUM
833a8d5f-cbe9-48b7-b8f2-2545dda9a0f3,Yerba organica Sante molienda gruesa 500g,yerba-organica-sante-molienda-gruesa-500g,Accesorios,draft,0,2750,COST_WITHOUT_PURCHASE_SOURCE,,,5357.14,4125,94.81,50,DESCRIPTION_GOOD,Descripcion extensa y especifica.,ATTRIBUTES_INCOMPLETE,"Faltan: brand, variety, capacity.",0,NO_IMAGES,57,COST_WITHOUT_PURCHASE_SOURCE|ATTRIBUTES_INCOMPLETE|NO_IMAGES,Revisar costo contra la ultima compra confirmada.,MEDIUM
