entity_type,source_name,normalized_name,source_context,row_count,first_date,last_date,match_type,candidate_id,candidate_name,candidate_slug,reason,review_suggestions,historical_units,historical_revenue,historical_sales_count,latest_historical_purchase_date,latest_historical_quantity,latest_historical_unit_cost,current_cost,cost_comparison,latest_supabase_confirmed_purchase_at,potential_duplicate_ids
product,5 Camioneros de algarrobo + 5 Bombillas Chatas,5 camioneros de algarrobo 5 bombillas chatas,Control de compras,1,2026-04-15,2026-04-15,EXACT_MATCH,327acf40-9888-42fc-9dee-dd94bab88db5,5 Camioneros de algarrobo + 5 Bombillas Chatas,5-camioneros-de-algarrobo-5-bombillas-chatas,Nombre idéntico.,,0,0.00,0,2026-04-15,5,7700.00,7700.00,HISTORICAL_COST_MATCHES_CURRENT,,
product,Acqua di Gio Armani Premium Caballero 100ml,acqua di gio armani premium caballero 100ml,Control de compras,1,2025-09-02,2025-09-02,EXACT_MATCH,d939a0e1-0554-4ce1-bd40-bca029bf6eb6,Acqua di Gio Armani Premium Caballero 100ml,acqua-di-gio-armani-premium-caballero-100ml,Nombre idéntico.,,0,0.00,0,2025-09-02,1,18900.00,18900.00,HISTORICAL_COST_MATCHES_CURRENT,,
product,Afnan 9 AM DIVE,afnan 9 am dive,Control de compras,1,2025-10-14,2025-10-14,EXACT_MATCH,6de8ca53-7561-4353-b3f6-99b6da9a9c3c,Afnan 9 AM DIVE,afnan-9-am-dive,Nombre idéntico.,,0,0.00,0,2025-10-14,1,42190.00,42190.00,HISTORICAL_COST_MATCHES_CURRENT,,
product,Afnan 9 PM Elixir,afnan 9 pm elixir,Control de compras,1,2026-01-22,2026-01-22,EXACT_MATCH,9c07ceb2-4d7a-407c-898b-e0cb43fc008e,Afnan 9 PM Elixir,afnan-9-pm-elixir,Nombre idéntico.,,0,0.00,0,2026-01-22,1,58280.00,68000.00,HISTORICAL_COST_DIFFERS_CURRENT,,
product,AFNAN 9PM BLACK MEN EDP 100ML,afnan 9pm black men edp 100ml,Control de ventas,1,2025-08-09,2025-08-09,NOT_FOUND,,,,"Sin coincidencia exacta, normalizada ni alias aprobado.",,1,54000.00,1,,,,,,,
product,AFNAN 9PM REBEL 100ML EDP,afnan 9pm rebel 100ml edp,Control de ventas,1,2025-08-09,2025-08-09,NOT_FOUND,,,,"Sin coincidencia exacta, normalizada ni alias aprobado.",,1,69900.00,1,,,,,,,
product,Afnan Turathi Blue,afnan turathi blue,Control de compras,1,2025-10-14,2025-10-14,EXACT_MATCH,32ccb5e4-1854-4f3d-9b33-136ae2c2502a,Afnan Turathi Blue,afnan-turathi-blue,Nombre idéntico.,,0,0.00,0,2025-10-14,1,51041.50,51041.50,HISTORICAL_COST_MATCHES_CURRENT,,
product,Airpods,airpods,Control de compras,1,2026-01-22,2026-01-22,NOT_FOUND,,,,"Sin coincidencia exacta, normalizada ni alias aprobado.",AIRPODS PRO 2 [e73c5890-d0a0-4805-a558-cb3b7030ab30] (0.54),0,0.00,0,,,,,,,
product,AIRPODS PRO 2,airpods pro 2,Control de ventas|Control de compras,8,2025-06-20,2026-09-12,EXACT_MATCH,e73c5890-d0a0-4805-a558-cb3b7030ab30,AIRPODS PRO 2,airpods-pro-2,Nombre idéntico.,,6,212300.00,6,2025-12-17,5,15350.00,15682.90,HISTORICAL_COST_DIFFERS_CURRENT,,
product,AIRPODS PRO MAX,airpods pro max,Control de compras,1,2025-06-20,2025-06-20,EXACT_MATCH,44913241-9d16-4ba5-ad8a-56c34307a571,AIRPODS PRO MAX,airpods-pro-max,Nombre idéntico.,,0,0.00,0,2025-06-20,5,21840.00,25500.00,HISTORICAL_COST_DIFFERS_CURRENT,,
product,Al Haramain Amber Oud Gold Edition,al haramain amber oud gold edition,Control de compras,1,2026-04-30,2026-04-30,EXACT_MATCH,469e3f38-36cc-45fd-bc6e-5bd558d3acf1,Al Haramain Amber Oud Gold Edition,al-haramain-amber-oud-gold-edition,Nombre idéntico.,,0,0.00,0,2026-04-30,1,62496.00,78432.90,HISTORICAL_COST_DIFFERS_CURRENT,,
product,Al Haramain dubai night,al haramain dubai night,Control de compras,1,2026-06-23,2026-06-23,EXACT_MATCH,66c152aa-98db-4827-b4c7-fdc2721da2a6,Al Haramain dubai night,al-haramain-dubai-night,Nombre idéntico.,,0,0.00,0,2026-06-23,1,64740.00,69205.50,HISTORICAL_COST_DIFFERS_CURRENT,,
product,ASAD BLACK - 100ML,asad black 100ml,Control de compras,1,2026-07-30,2026-07-30,NOT_FOUND,,,,"Sin coincidencia exacta, normalizada ni alias aprobado.",HOMME BLACK - 100ML [c6ab646e-ea3c-4ca9-928a-3f518e49f5e6] (0.71)|YARA ELIXIR - 100ML [919056a3-1dc9-4ae0-9f90-fbba8cf58be9] (0.53),0,0.00,0,,,,,,,
product,Asad Lattafa Masculino 100ml,asad lattafa masculino 100ml,Control de ventas,1,2025-09-07,2025-09-07,NOT_FOUND,,,,"Sin coincidencia exacta, normalizada ni alias aprobado.",LATTAFA MAYAR - 100ML [f044976f-c174-445b-8349-d5c62c424a56] (0.57)|LATTAFA ASAD [bd7930a6-65c3-4e3b-b85f-1cb1b56d6835] (0.50)|LATTAFA KHAMRAH - 100ML [aa3a931a-ef24-40b9-b65b-d2e2acd87a2b] (0.50),1,45000.00,1,,,,,,,
product,AURICULAR JBL HARMAN,auricular jbl harman,Control de ventas|Control de compras,6,2025-05-21,2026-05-23,EXACT_MATCH,92a1da75-72be-42ad-891f-753273b34460,AURICULAR JBL HARMAN,auricular-jbl-harman,Nombre idéntico.,,5,170280.00,5,2025-06-20,5,17660.00,17660.00,HISTORICAL_COST_MATCHES_CURRENT,,
product,Auriculares Inalámbricos In-Ear A6S,auriculares inalambricos in ear a6s,Control de ventas|Control de compras,3,2025-08-21,2026-03-07,EXACT_MATCH,db40494d-a08b-4a96-9746-70d6a3ac518b,Auriculares Inalámbricos In-Ear A6S,auriculares-inalambricos-in-ear-a6s,Nombre idéntico.,,2,23500.00,2,2025-08-21,10,5845.00,5845.00,HISTORICAL_COST_MATCHES_CURRENT,,
product,Autocebante 2 en 1,autocebante 2 en 1,Control de compras,1,2026-04-15,2026-04-15,EXACT_MATCH,724f97e4-581a-41c9-88d4-ab3e3dbb98df,Autocebante 2 en 1,autocebante-2-en-1,Nombre idéntico.,,0,0.00,0,2026-04-15,1,13500.00,13500.00,HISTORICAL_COST_MATCHES_CURRENT,,
product,Badee Al Oud For Glory (Black),badee al oud for glory black,Control de compras,1,2025-10-14,2025-10-14,EXACT_MATCH,54295ff4-ea05-4e7d-8f53-2924ccf16f9c,Badee Al Oud For Glory (Black),badee-al-oud-for-glory-black,Nombre idéntico.,,0,0.00,0,2025-10-14,1,37764.25,37764.25,HISTORICAL_COST_MATCHES_CURRENT,,
product,BATTERY PACK,battery pack,Control de compras,1,2025-06-20,2025-06-20,EXACT_MATCH,03596366-fc4a-4d1a-b6f6-59eba47d2f66,BATTERY PACK,battery-pack,Nombre idéntico.,,0,0.00,0,2025-06-20,5,14650.00,14650.00,HISTORICAL_COST_MATCHES_CURRENT,,
product,BHARARA King,bharara king,Control de ventas|Control de compras,3,2025-10-14,2026-03-12,EXACT_MATCH,5b729e4c-e54e-4e59-985f-42e3ce60e30d,BHARARA King,bharara-king,Nombre idéntico.,,2,188700.00,2,2025-10-14,1,75629.00,75629.00,HISTORICAL_COST_MATCHES_CURRENT,,
product,Bharara King 100ml Masculino,bharara king 100ml masculino,Control de compras,1,2025-12-17,2025-12-17,NOT_FOUND,,,,"Sin coincidencia exacta, normalizada ni alias aprobado.",BHARARA King Parfum [72917d13-012c-4ea2-a05a-7c324ef38b3c] (0.54)|BHARARA King [5b729e4c-e54e-4e59-985f-42e3ce60e30d] (0.50),0,0.00,0,,,,,,,
product,BHARARA King Parfum,bharara king parfum,Control de ventas|Control de compras,2,2025-11-04,2025-11-22,EXACT_MATCH,72917d13-012c-4ea2-a05a-7c324ef38b3c,BHARARA King Parfum,bharara-king-parfum,Nombre idéntico.,,1,100000.00,1,2025-11-04,1,78921.50,78921.50,HISTORICAL_COST_MATCHES_CURRENT,,
product,Bombilla de alpaca y bronce cincelada,bombilla de alpaca y bronce cincelada,Control de compras,1,,,EXACT_MATCH,be8852f0-c712-4b69-993f-dfd6e954af31,Bombilla de alpaca y bronce cincelada,bombilla-de-alpaca-y-bronce-cincelada,Nombre idéntico.,,0,0.00,0,,,,11900.00,NO_HISTORICAL_PURCHASE,,
product,Bombilla pico de loro corta,bombilla pico de loro corta,Control de compras,1,2026-02-12,2026-02-12,EXACT_MATCH,c5a353af-8b98-4980-b317-419adeed702d,Bombilla pico de loro corta,bombilla-pico-de-loro-corta,Nombre idéntico.,,0,0.00,0,2026-02-12,1,3400.00,3400.00,HISTORICAL_COST_MATCHES_CURRENT,,
product,Bombilla pico de loro larga,bombilla pico de loro larga,Control de ventas|Control de compras,2,2026-02-12,2026-04-25,EXACT_MATCH,01e900a4-515c-43eb-9ebd-b64387d985af,Bombilla pico de loro larga,bombilla-pico-de-loro-larga,Nombre idéntico.,,1,6000.00,1,2026-02-12,1,3400.00,3400.00,HISTORICAL_COST_MATCHES_CURRENT,,
product,Bombilla plana stanley,bombilla plana stanley,Control de ventas,1,2026-04-16,2026-04-16,NOT_FOUND,,,,"Sin coincidencia exacta, normalizada ni alias aprobado.",Bombilla Pico de Loro [96f90d2b-185b-4f47-a155-184619a8b6e3] (0.50),1,5000.00,1,,,,,,,
product,BOMBILLAS,bombillas,Control de ventas,1,2025-07-10,2025-07-10,EXACT_MATCH,4615e2d5-1659-4224-a437-ad598b6510d5,BOMBILLAS,bombillas,Nombre idéntico.,,1,5000.00,1,2025-06-20,10,3700.00,3700.00,HISTORICAL_COST_MATCHES_CURRENT,,
product,Bombillas Plana,bombillas plana,Control de compras,1,2025-06-20,2025-06-20,ALIAS_MATCH,4615e2d5-1659-4224-a437-ad598b6510d5,BOMBILLAS,bombillas,Alias explícito bombillas-plana -> bombillas.,,0,0.00,0,2025-06-20,10,3700.00,3700.00,HISTORICAL_COST_MATCHES_CURRENT,,
product,Bombillón alpaca y bronce recto,bombillon alpaca y bronce recto,Control de ventas|Control de compras,3,2026-02-12,2026-03-22,EXACT_MATCH,7a76ef9b-c994-4b8d-81b4-525a0922835c,Bombillón alpaca y bronce recto,bombillon-alpaca-y-bronce-recto,Nombre idéntico.,,2,54000.00,2,2026-02-12,2,15900.00,15900.00,HISTORICAL_COST_MATCHES_CURRENT,,
product,Bombillon Premium,bombillon premium,Control de ventas|Control de compras,2,2026-03-20,2026-04-16,EXACT_MATCH,ac173fed-a2b0-43b9-9d05-36b7ebdcf902,Bombillon Premium,bombillon-premium,Nombre idéntico.,,1,33442.50,1,2026-03-20,1,17150.00,17150.00,HISTORICAL_COST_MATCHES_CURRENT,,
product,Bombillon Recto Cincelado,bombillon recto cincelado,Control de compras,1,2026-03-20,2026-03-20,EXACT_MATCH,8ebeb6bb-d76f-415c-8cac-4e8c85cc422c,Bombillon Recto Cincelado,bombillon-recto-cincelado,Nombre idéntico.,,0,0.00,0,2026-03-20,1,14650.00,14650.00,HISTORICAL_COST_MATCHES_CURRENT,,
product,BOTELLA FLIP KENCHER 900ML,botella flip kencher 900ml,Control de ventas|Control de compras,2,2025-06-20,2026-07-29,EXACT_MATCH,ea5850cf-f751-422e-96d1-ca255a1e80a6,BOTELLA FLIP KENCHER 900ML,botella-flip-kencher-900ml,Nombre idéntico.,,1,31000.00,1,2025-06-20,5,19000.00,19000.00,HISTORICAL_COST_MATCHES_CURRENT,,
product,Botella Térmica BOTELLAS STANLEY 650ML,botella termica botellas stanley 650ml,Control de compras,1,2025-06-20,2025-06-20,EXACT_MATCH,bdd20c4c-f7fc-45a3-95bf-0021e4a013e1,Botella Térmica BOTELLAS STANLEY 650ML,botella-termica-botellas-stanley-650ml,Nombre idéntico.,,0,0.00,0,2025-06-20,5,22000.00,22000.00,HISTORICAL_COST_MATCHES_CURRENT,,
product,BOTELLAS STANLEY 650ML,botellas stanley 650ml,Control de ventas,2,2025-06-13,2025-06-16,EXACT_MATCH,2e066864-97a0-4695-b484-3ef62b869dd1,BOTELLAS STANLEY 650ML,botellas-stanley-650ml,Nombre idéntico.,,2,40000.00,2,,,,22000.00,NO_HISTORICAL_PURCHASE,,
product,Box Argentina,box argentina,Control de compras,1,2026-03-20,2026-03-20,EXACT_MATCH,ac79cfed-1855-4fc9-8bb2-de2fc01aa904,Box Argentina,box-argentina,Nombre idéntico.,,0,0.00,0,2026-03-20,3,14640.00,14640.00,HISTORICAL_COST_MATCHES_CURRENT,,
product,BOX LOS SIMPSON,box los simpson,Control de ventas|Control de compras,2,2026-03-20,2026-07-15,EXACT_MATCH,edb4b664-5da6-489c-94c1-b0d1deb88232,BOX LOS SIMPSON,box-los-simpson,Nombre idéntico.,,1,36000.00,1,2026-03-20,1,14640.00,14640.00,HISTORICAL_COST_MATCHES_CURRENT,,
product,Box Presentación,box presentacion,Control de ventas|Control de compras,2,2026-03-20,2026-09-23,EXACT_MATCH,da8d3743-3ee5-4210-a387-49e4f87e9ec9,Box Presentación,box-presentacion,Nombre idéntico.,,1,15000.00,1,2026-03-20,3,5650.00,5650.00,HISTORICAL_COST_MATCHES_CURRENT,,
product,CABEZAL 20W USB-C,cabezal 20w usb c,Control de compras,2,2025-06-20,2026-03-05,NOT_FOUND,,,,"Sin coincidencia exacta, normalizada ni alias aprobado.",,0,0.00,0,,,,,,,
product,"CABEZAL 20W USB-C	 
ORIGINAL",cabezal 20w usb c original,Control de ventas,1,2025-08-09,2025-08-09,NOT_FOUND,,,,"Sin coincidencia exacta, normalizada ni alias aprobado.",,1,15000.00,1,,,,,,,
product,CABLE 20W IPHONE,cable 20w iphone,Control de ventas|Control de compras,5,2025-06-20,2026-07-24,EXACT_MATCH,20530c08-7371-4726-8a0e-0c5023e7d513,CABLE 20W IPHONE,cable-20w-iphone,Nombre idéntico.,,3,23000.00,3,2026-03-05,10,3650.00,3650.00,HISTORICAL_COST_MATCHES_CURRENT,,
product,CABLE USB - C CARGA RAPIDA,cable usb c carga rapida,Control de ventas|Control de compras,3,2025-08-23,2026-08-20,EXACT_MATCH,d1abf544-2493-4dab-a769-53f9faa6c4be,CABLE USB - C CARGA RAPIDA,cable-usb-c-carga-rapida,Nombre idéntico.,,3,14100.00,2,2025-08-23,10,1439.00,1439.00,HISTORICAL_COST_MATCHES_CURRENT,,
product,Camionero Criollo Base de Cuero,camionero criollo base de cuero,Control de compras,1,,,EXACT_MATCH,05cf6b25-7851-4a76-817f-1a704930fcc7,Camionero Criollo Base de Cuero,camionero-criollo-base-de-cuero,Nombre idéntico.,,0,0.00,0,,,,8500.00,NO_HISTORICAL_PURCHASE,,
product,Camiseta ARGENTINA Bordada,camiseta argentina bordada,Control de ventas,1,2026-06-13,2026-06-13,NORMALIZED_MATCH,55569c44-0777-491c-9c9a-04dc621c3685,Camiseta ARGENTINA BORDADA,camiseta-argentina-bordada,"Coincidencia única ignorando mayúsculas, tildes y espacios.",,1,36000.00,1,2026-03-05,2,18125.00,18125.00,HISTORICAL_COST_MATCHES_CURRENT,,
product,Camiseta ARGENTINA BORDADA,camiseta argentina bordada,Control de compras,1,2026-03-05,2026-03-05,EXACT_MATCH,55569c44-0777-491c-9c9a-04dc621c3685,Camiseta ARGENTINA BORDADA,camiseta-argentina-bordada,Nombre idéntico.,,0,0.00,0,2026-03-05,2,18125.00,18125.00,HISTORICAL_COST_MATCHES_CURRENT,,
product,Camiseta ARGENTINA TAILANDESA,camiseta argentina tailandesa,Control de ventas|Control de compras,2,2026-03-05,2026-06-11,EXACT_MATCH,b46e57f6-73f3-41c7-b1a7-4606c7e9ee13,Camiseta ARGENTINA TAILANDESA,camiseta-argentina-tailandesa,Nombre idéntico.,,1,45000.00,1,2026-03-05,1,24650.00,24650.00,HISTORICAL_COST_MATCHES_CURRENT,,
product,Camiseta ARGENTINA TERMOSELLADA,camiseta argentina termosellada,Control de compras,1,2026-03-05,2026-03-05,EXACT_MATCH,4f905ebe-f1e2-4a83-adeb-5941adda5ec2,Camiseta ARGENTINA TERMOSELLADA,camiseta-argentina-termosellada,Nombre idéntico.,,0,0.00,0,2026-03-05,2,21677.50,21677.50,HISTORICAL_COST_MATCHES_CURRENT,,
product,Canasta matera,canasta matera,Control de compras,1,2026-01-22,2026-01-22,NOT_FOUND,,,,"Sin coincidencia exacta, normalizada ni alias aprobado.",Canasta matera 100% cuero [3e33942f-1d42-4b03-b30d-97da131b2cba] (0.58)|Canasta simil cuero [4d304204-8569-464a-b856-29a84bdee6c8] (0.58),0,0.00,0,,,,,,,
product,Canasta matera 100% cuero,canasta matera 100 cuero,Control de ventas|Control de compras,2,2026-02-12,2026-08-18,EXACT_MATCH,3e33942f-1d42-4b03-b30d-97da131b2cba,Canasta matera 100% cuero,canasta-matera-100-cuero,Nombre idéntico.,,1,37000.00,1,2026-02-12,1,20700.00,20700.00,HISTORICAL_COST_MATCHES_CURRENT,,
product,Canasta simil cuero,canasta simil cuero,Control de ventas|Control de compras,2,2026-02-12,2026-05-13,EXACT_MATCH,4d304204-8569-464a-b856-29a84bdee6c8,Canasta simil cuero,canasta-simil-cuero,Nombre idéntico.,,1,19500.00,1,2026-02-12,1,6500.00,6500.00,HISTORICAL_COST_MATCHES_CURRENT,,
product,CARGADOR 3.8A  + CABLE TIPO C,cargador 3 8a cable tipo c,Control de ventas|Control de compras,3,2025-08-22,2026-04-11,EXACT_MATCH,f0f14dc6-8693-4670-aeab-42cc64732b0e,CARGADOR 3.8A  + CABLE TIPO C,cargador-3-8a-cable-tipo-c,Nombre idéntico.,,2,11700.00,2,2025-08-22,10,2939.00,2939.00,HISTORICAL_COST_MATCHES_CURRENT,,
product,Club de Nuit Intense Man,club de nuit intense man,Control de ventas|Control de compras,2,2026-06-23,2026-09-04,EXACT_MATCH,631dc501-2496-4c4f-9900-b0b14fbd19d2,Club de Nuit Intense Man,club-de-nuit-intense-man,Nombre idéntico.,,1,81675.00,1,2026-06-23,1,54450.00,54450.00,HISTORICAL_COST_MATCHES_CURRENT,,
product,CLUB DE NUIT SILLAGE,club de nuit sillage,Control de compras,1,2025-09-19,2025-09-19,EXACT_MATCH,5f7a5f98-ef5b-447c-a9d4-49bcc840903c,CLUB DE NUIT SILLAGE,club-de-nuit-sillage,Nombre idéntico.,,0,0.00,0,2025-09-19,1,45600.00,56700.00,HISTORICAL_COST_DIFFERS_CURRENT,,
product,Combo 5 imperiales algarrobo acero + 5 pico loro,combo 5 imperiales algarrobo acero 5 pico loro,Control de compras,1,,,EXACT_MATCH,e781712d-5839-4d63-b648-13a2dfee6a71,Combo 5 imperiales algarrobo acero + 5 pico loro,combo-5-imperiales-algarrobo-acero-5-pico-loro,Nombre idéntico.,,0,0.00,0,,,,9998.00,NO_HISTORICAL_PURCHASE,,
product,"COMBO CABEZAL Y CABLE 20W	 
REPLICA AAA",combo cabezal y cable 20w replica aaa,Control de ventas,4,2026-04-24,2026-07-31,EXACT_MATCH,1e6c42e4-08af-4ed7-ad01-95fb22e13c4a,"COMBO CABEZAL Y CABLE 20W	 
REPLICA AAA",combo-cabezal-y-cable-20w-replica-aaa,Nombre idéntico.,,4,83250.00,4,,,,7300.00,NO_HISTORICAL_PURCHASE,,
product,CONFIDENTIAL GOLD - 100M,confidential gold 100m,Control de ventas|Control de compras,2,2026-04-08,2026-05-09,EXACT_MATCH,7d2416cf-c123-4040-8617-1fb75de38e6e,CONFIDENTIAL GOLD - 100M,confidential-gold-100m,Nombre idéntico.,,1,57150.00,1,2026-04-08,1,38100.00,38100.00,HISTORICAL_COST_MATCHES_CURRENT,,
product,CONFIDENTIAL GOLD - 100ML,confidential gold 100ml,Control de compras,1,2026-07-30,2026-07-30,EXACT_MATCH,2e51cf34-5c02-42ff-867e-7a06d8bf273b,CONFIDENTIAL GOLD - 100ML,confidential-gold-100ml,Nombre idéntico.,,0,0.00,0,2026-07-30,1,31700.00,31700.00,HISTORICAL_COST_MATCHES_CURRENT,,
product,Decant 9 AM,decant 9 am,Control de ventas|Control de compras,2,2026-03-10,2026-06-27,EXACT_MATCH,39dc1190-b773-4430-9bb8-9fb37cce1a21,Decant 9 AM,decant-9-am,Nombre idéntico.,,1,0.00,1,2026-03-10,1,8000.00,8000.00,HISTORICAL_COST_MATCHES_CURRENT,,
product,Decant 9 pm elixir,decant 9 pm elixir,Control de ventas|Control de compras,2,2026-03-10,2026-05-13,EXACT_MATCH,e0d493ea-6aa8-4127-8199-f171e829dda1,Decant 9 pm elixir,decant-9-pm-elixir,Nombre idéntico.,,1,11670.00,1,2026-03-10,1,8000.00,8000.00,HISTORICAL_COST_MATCHES_CURRENT,,
product,Decant 9pm rebel,decant 9pm rebel,Control de compras,1,2026-03-10,2026-03-10,EXACT_MATCH,7e7a8a98-61c6-491e-85d8-1c13762fd6cc,Decant 9pm rebel,decant-9pm-rebel,Nombre idéntico.,,0,0.00,0,2026-03-10,1,8000.00,8000.00,HISTORICAL_COST_MATCHES_CURRENT,,
product,Decant all' haramain amber oud gol edition,decant all haramain amber oud gol edition,Control de compras,1,2026-03-10,2026-03-10,EXACT_MATCH,1ce1e6ff-2064-4290-8fea-c804cf5d44e0,Decant all' haramain amber oud gol edition,decant-all-haramain-amber-oud-gol-edition,Nombre idéntico.,,0,0.00,0,2026-03-10,1,8000.00,8000.00,HISTORICAL_COST_MATCHES_CURRENT,,
product,Decant Aqua Dubai,decant aqua dubai,Control de compras,1,2026-03-10,2026-03-10,EXACT_MATCH,3643a08f-c0fc-4ada-8639-94ff3340ef90,Decant Aqua Dubai,decant-aqua-dubai,Nombre idéntico.,,0,0.00,0,2026-03-10,1,8000.00,8000.00,HISTORICAL_COST_MATCHES_CURRENT,,
product,Decant Art of universe,decant art of universe,Control de ventas|Control de compras,2,2026-03-10,2026-04-14,EXACT_MATCH,360eb933-9dda-4dff-81cb-dcfc3d293484,Decant Art of universe,decant-art-of-universe,Nombre idéntico.,,1,11670.00,1,2026-03-10,1,8000.00,8000.00,HISTORICAL_COST_MATCHES_CURRENT,,
product,Decant Asad bourbon,decant asad bourbon,Control de compras,1,2026-03-10,2026-03-10,EXACT_MATCH,15095452-e3cb-4ba7-b586-2b6e5e5206f3,Decant Asad bourbon,decant-asad-bourbon,Nombre idéntico.,,0,0.00,0,2026-03-10,1,8000.00,8000.00,HISTORICAL_COST_MATCHES_CURRENT,,
product,Decant Bharara king,decant bharara king,Control de ventas|Control de compras,2,2026-03-10,2026-05-13,EXACT_MATCH,1e899cee-6a4b-4edf-bf22-941952ff79af,Decant Bharara king,decant-bharara-king,Nombre idéntico.,,1,11670.00,1,2026-03-10,1,8000.00,8000.00,HISTORICAL_COST_MATCHES_CURRENT,,
product,Decant Bharara soleil,decant bharara soleil,Control de compras,1,2026-03-10,2026-03-10,EXACT_MATCH,14fad7f8-6639-4f97-9e9c-4e2a89bbc7e7,Decant Bharara soleil,decant-bharara-soleil,Nombre idéntico.,,0,0.00,0,2026-03-10,1,8000.00,8000.00,HISTORICAL_COST_MATCHES_CURRENT,,
product,Decant Club de nuit iconic,decant club de nuit iconic,Control de ventas|Control de compras,2,2026-03-10,2026-06-27,EXACT_MATCH,7ccfd5dc-8ce3-4a93-9d15-9e99748f1944,Decant Club de nuit iconic,decant-club-de-nuit-iconic,Nombre idéntico.,,1,0.00,1,2026-03-10,1,8000.00,8000.00,HISTORICAL_COST_MATCHES_CURRENT,,
product,Decant Club de nuit intense,decant club de nuit intense,Control de compras,1,2026-03-10,2026-03-10,EXACT_MATCH,8194a45a-aeed-40a5-8c76-6e92ed85ebd2,Decant Club de nuit intense,decant-club-de-nuit-intense,Nombre idéntico.,,0,0.00,0,2026-03-10,1,8000.00,8000.00,HISTORICAL_COST_MATCHES_CURRENT,,
product,Decant Club de nuit urban elixir,decant club de nuit urban elixir,Control de compras,1,2026-03-10,2026-03-10,EXACT_MATCH,b352dd83-e0f8-4569-96e8-42acb20ae139,Decant Club de nuit urban elixir,decant-club-de-nuit-urban-elixir,Nombre idéntico.,,0,0.00,0,2026-03-10,1,8000.00,8000.00,HISTORICAL_COST_MATCHES_CURRENT,,
product,Decant dubai nigth,decant dubai nigth,Control de ventas|Control de compras,2,2026-03-10,2026-05-13,EXACT_MATCH,64e60fa7-4bc9-4fbb-a401-d57821edc72b,Decant dubai nigth,decant-dubai-nigth,Nombre idéntico.,,1,11670.00,1,2026-03-10,1,8000.00,8000.00,HISTORICAL_COST_MATCHES_CURRENT,,
product,Decant Game of Spades Full House,decant game of spades full house,Control de compras,1,2026-03-10,2026-03-10,NOT_FOUND,,,,"Sin coincidencia exacta, normalizada ni alias aprobado.",Decant Game of Spades Full House 5ml [8d828391-4a86-4eb9-bb6a-f384bc3e1d7d] (0.89),0,0.00,0,,,,,,,
product,Decant hawas black,decant hawas black,Control de compras,1,2026-03-10,2026-03-10,EXACT_MATCH,50282266-0dd6-4864-bfdb-bbc6c5aec91a,Decant hawas black,decant-hawas-black,Nombre idéntico.,,0,0.00,0,2026-03-10,1,8000.00,8000.00,HISTORICAL_COST_MATCHES_CURRENT,,
product,Decant hawas elixir,decant hawas elixir,Control de compras,1,2026-03-10,2026-03-10,EXACT_MATCH,2db67b25-6e37-446a-8e98-5f626d5efc63,Decant hawas elixir,decant-hawas-elixir,Nombre idéntico.,,0,0.00,0,2026-03-10,1,8000.00,8000.00,HISTORICAL_COST_MATCHES_CURRENT,,
product,Decant hawas fire,decant hawas fire,Control de ventas|Control de compras,2,2026-03-10,2026-03-22,EXACT_MATCH,f91c4caa-32bb-4450-8a87-25422095257b,Decant hawas fire,decant-hawas-fire,Nombre idéntico.,,1,13000.00,1,2026-03-10,1,8000.00,8000.00,HISTORICAL_COST_MATCHES_CURRENT,,
product,Decant hawas Kobra,decant hawas kobra,Control de compras,1,2026-03-10,2026-03-10,NOT_FOUND,,,,"Sin coincidencia exacta, normalizada ni alias aprobado.",Decant hawas Kobra 5ml [8f06198a-0199-407d-9d5d-9e7c38bcd578] (0.82)|Decant hawas fire [f91c4caa-32bb-4450-8a87-25422095257b] (0.78)|Decant hawas black [50282266-0dd6-4864-bfdb-bbc6c5aec91a] (0.72),0,0.00,0,,,,,,,
product,Decant hawas malibu,decant hawas malibu,Control de ventas|Control de compras,2,2026-03-10,2026-04-13,NOT_FOUND,,,,"Sin coincidencia exacta, normalizada ni alias aprobado.",Decant hawas malibu 5ml [0be4f17b-4888-466f-ad13-3643a645f730] (0.83)|Decant hawas black [50282266-0dd6-4864-bfdb-bbc6c5aec91a] (0.74)|Decant hawas elixir [2db67b25-6e37-446a-8e98-5f626d5efc63] (0.74),1,11670.00,1,,,,,,,
product,Decant hawas tropical,decant hawas tropical,Control de compras,1,2026-03-10,2026-03-10,NOT_FOUND,,,,"Sin coincidencia exacta, normalizada ni alias aprobado.",Decant hawas tropical 5ml [fe29c305-f0f8-4752-855c-c785be1046ac] (0.84)|Decant hawas black [50282266-0dd6-4864-bfdb-bbc6c5aec91a] (0.67)|Decant hawas elixir [2db67b25-6e37-446a-8e98-5f626d5efc63] (0.67),0,0.00,0,,,,,,,
product,Decant hawas verde,decant hawas verde,Control de compras,1,2026-03-10,2026-03-10,EXACT_MATCH,b6db64db-4768-43f9-aadd-e72f24d6d318,Decant hawas verde,decant-hawas-verde,Nombre idéntico.,,0,0.00,0,2026-03-10,1,8000.00,8000.00,HISTORICAL_COST_MATCHES_CURRENT,,
product,Decant Lattafa Kahambra,decant lattafa kahambra,Control de compras,1,2026-03-10,2026-03-10,EXACT_MATCH,e5b37a2f-ab84-4009-b8d3-1a6f307c3eda,Decant Lattafa Kahambra,decant-lattafa-kahambra,Nombre idéntico.,,0,0.00,0,2026-03-10,1,8000.00,8000.00,HISTORICAL_COST_MATCHES_CURRENT,,
product,Decant liquid brun,decant liquid brun,Control de ventas|Control de compras,2,2026-03-10,2026-04-14,EXACT_MATCH,8ca47237-b9ae-4720-a8be-043ecd104ed7,Decant liquid brun,decant-liquid-brun,Nombre idéntico.,,1,11670.00,1,2026-03-10,1,8000.00,8000.00,HISTORICAL_COST_MATCHES_CURRENT,,
product,Decant odissey elixir,decant odissey elixir,Control de compras,1,2026-03-10,2026-03-10,EXACT_MATCH,d072533f-5411-4940-bbec-d21d936ccfe0,Decant odissey elixir,decant-odissey-elixir,Nombre idéntico.,,0,0.00,0,2026-03-10,1,8000.00,8000.00,HISTORICAL_COST_MATCHES_CURRENT,,
product,Decant Rayhaan elixir,decant rayhaan elixir,Control de compras,1,2026-03-10,2026-03-10,EXACT_MATCH,3e52b75d-007c-4637-8ad7-3dd3a8efb159,Decant Rayhaan elixir,decant-rayhaan-elixir,Nombre idéntico.,,0,0.00,0,2026-03-10,1,8000.00,8000.00,HISTORICAL_COST_MATCHES_CURRENT,,
product,Decants Muestras,decants muestras,Control de compras,1,2026-07-30,2026-07-30,NOT_FOUND,,,,"Sin coincidencia exacta, normalizada ni alias aprobado.",Decant 9 AM [39dc1190-b773-4430-9bb8-9fb37cce1a21] (0.50)|Decant 9 pm elixir [e0d493ea-6aa8-4127-8199-f171e829dda1] (0.50),0,0.00,0,,,,,,,
product,Desodorante Asad,desodorante asad,Control de ventas,1,2026-07-31,2026-07-31,NOT_FOUND,,,,"Sin coincidencia exacta, normalizada ni alias aprobado.",,1,33000.00,1,,,,,,,
product,Despolvillador,despolvillador,Control de ventas|Control de compras,4,2026-03-20,2026-04-09,EXACT_MATCH,e53a64ad-8e1d-452f-9025-53d940215082,Despolvillador,despolvillador,Nombre idéntico.,,3,24000.00,3,2026-03-20,3,4150.00,4150.00,HISTORICAL_COST_MATCHES_CURRENT,,
product,Dispenser de yerba en madera,dispenser de yerba en madera,Control de compras,1,2026-03-20,2026-03-20,EXACT_MATCH,4d7976ee-45ae-447a-88a7-e6f986c59d8f,Dispenser de yerba en madera,dispenser-de-yerba-en-madera,Nombre idéntico.,,0,0.00,0,2026-03-20,1,13150.00,13150.00,HISTORICAL_COST_MATCHES_CURRENT,,
product,Dolce and Gabbana Light Blue 60ml,dolce and gabbana light blue 60ml,Control de ventas,1,2025-09-07,2025-09-07,NOT_FOUND,,,,"Sin coincidencia exacta, normalizada ni alias aprobado.",,1,15000.00,1,,,,,,,
product,Elfbar BC 15k,elfbar bc 15k,Control de ventas|Control de compras,7,2026-01-22,2026-05-11,NOT_FOUND,,,,"Sin coincidencia exacta, normalizada ni alias aprobado.",,4,108000.00,4,,,,,,,
product,Fakhar Rose Gold,fakhar rose gold,Control de compras,1,2025-10-14,2025-10-14,EXACT_MATCH,c7659a2a-4bb5-439c-ba18-a62d2dd0c121,Fakhar Rose Gold,fakhar-rose-gold,Nombre idéntico.,,0,0.00,0,2025-10-14,1,37975.00,54000.00,HISTORICAL_COST_DIFFERS_CURRENT,,
product,French Avenue Liquid Broun,french avenue liquid broun,Control de compras,1,2026-06-23,2026-06-23,EXACT_MATCH,6ca63ce3-5694-418f-90a8-5d8043f4c2f5,French Avenue Liquid Broun,french-avenue-liquid-broun,Nombre idéntico.,,0,0.00,0,2026-06-23,1,67680.00,67680.00,HISTORICAL_COST_MATCHES_CURRENT,,
product,Hawas Elixir,hawas elixir,Control de compras,1,2026-06-23,2026-06-23,EXACT_MATCH,b5cb8397-6821-4f8d-bc77-cb335e757ef4,Hawas Elixir,hawas-elixir,Nombre idéntico.,,0,0.00,0,2026-06-23,1,52980.00,55000.00,HISTORICAL_COST_DIFFERS_CURRENT,,
product,Hawas Fire Rasasi,hawas fire rasasi,Control de compras,1,2025-11-04,2025-11-04,EXACT_MATCH,9858eda6-63fb-41f7-9ba1-ab6e93d1f9b8,Hawas Fire Rasasi,hawas-fire-rasasi,Nombre idéntico.,,0,0.00,0,2025-11-04,1,57751.25,61500.00,HISTORICAL_COST_DIFFERS_CURRENT,,
product,HOMME BLACK - 100ML,homme black 100ml,Control de compras,1,2026-07-30,2026-07-30,EXACT_MATCH,c6ab646e-ea3c-4ca9-928a-3f518e49f5e6,HOMME BLACK - 100ML,homme-black-100ml,Nombre idéntico.,,0,0.00,0,2026-07-30,1,42700.00,42700.00,HISTORICAL_COST_MATCHES_CURRENT,,
product,HOPPY BOTON 650ML,hoppy boton 650ml,Control de ventas|Control de compras,4,2025-06-20,2025-12-24,EXACT_MATCH,49d18c62-27bf-40a2-9c0e-8d2eada41759,HOPPY BOTON 650ML,hoppy-boton-650ml,Nombre idéntico.,,3,79800.00,3,2025-06-20,3,14000.00,14000.00,HISTORICAL_COST_MATCHES_CURRENT,,
product,HOPPY BOTON 900ML,hoppy boton 900ml,Control de compras,1,2025-06-20,2025-06-20,EXACT_MATCH,f13333dd-990d-4f13-a094-b0e8b93d404f,HOPPY BOTON 900ML,hoppy-boton-900ml,Nombre idéntico.,,0,0.00,0,2025-06-20,3,15000.00,15000.00,HISTORICAL_COST_MATCHES_CURRENT,,
product,Ignite V150,ignite v150,Control de compras,1,2026-05-11,2026-05-11,NOT_FOUND,,,,"Sin coincidencia exacta, normalizada ni alias aprobado.",,0,0.00,0,,,,,,,
product,Imperial Algarrobo Acero + Bombilla pico de loro,imperial algarrobo acero bombilla pico de loro,Control de ventas,2,2026-06-13,2026-09-04,NOT_FOUND,,,,"Sin coincidencia exacta, normalizada ni alias aprobado.",Bombilla Pico de Loro [96f90d2b-185b-4f47-a155-184619a8b6e3] (0.57)|Combo 5 imperiales algarrobo acero + 5 pico loro [e781712d-5839-4d63-b648-13a2dfee6a71] (0.54)|Bombilla pico de loro corta [c5a353af-8b98-4980-b317-419adeed702d] (0.50),2,65000.00,2,,,,,,,
product,Imperial Con Refuerzo Alpaca Y Base De Bolitas,imperial con refuerzo alpaca y base de bolitas,Control de compras,1,,,EXACT_MATCH,c79ee2ec-e006-4be2-b54a-da869542b698,Imperial Con Refuerzo Alpaca Y Base De Bolitas,imperial-con-refuerzo-alpaca-y-base-de-bolitas,Nombre idéntico.,,0,0.00,0,,,,22900.00,NO_HISTORICAL_PURCHASE,,
product,Imperial Con Refuerzo Alpaca Y Base De Bolitasperial + Bombilla Pico de Loro,imperial con refuerzo alpaca y base de bolitasperial bombilla pico de loro,Control de ventas,1,2026-06-30,2026-06-30,NOT_FOUND,,,,"Sin coincidencia exacta, normalizada ni alias aprobado.",Imperial Con Refuerzo Alpaca Y Base De Bolitas [c79ee2ec-e006-4be2-b54a-da869542b698] (0.62),1,24500.00,1,,,,,,,
product,Imperial cuero liso virola en acero y bronce con bolitas,imperial cuero liso virola en acero y bronce con bolitas,Control de ventas,1,2026-04-16,2026-04-16,NOT_FOUND,,,,"Sin coincidencia exacta, normalizada ni alias aprobado.",Mate Imperial cuero liso virola acero y bronce con botitas [9c05ba0b-731a-4701-80e6-450c1a4552fb] (0.84)|Imperial Con Refuerzo Alpaca Y Base De Bolitas [c79ee2ec-e006-4be2-b54a-da869542b698] (0.52),1,41650.00,1,,,,,,,
product,LA VIVACITE INTESA - 100ML,la vivacite intesa 100ml,Control de ventas|Control de compras,2,2026-04-08,2026-09-08,EXACT_MATCH,147395ec-1a0b-4f54-9904-f27d2a88f12f,LA VIVACITE INTESA - 100ML,la-vivacite-intesa-100ml,Nombre idéntico.,,1,58650.00,1,2026-04-08,1,39100.00,39100.00,HISTORICAL_COST_MATCHES_CURRENT,,
product,Lata Matera,lata matera,Control de compras,1,2026-01-22,2026-01-22,NOT_FOUND,,,,"Sin coincidencia exacta, normalizada ni alias aprobado.",,0,0.00,0,,,,,,,
product,LATTAFA ASAD,lattafa asad,Control de ventas|Control de compras,2,2025-09-19,2026-06-29,EXACT_MATCH,bd7930a6-65c3-4e3b-b85f-1cb1b56d6835,LATTAFA ASAD,lattafa-asad,Nombre idéntico.,,1,61500.00,1,2025-09-19,1,26300.00,49200.00,HISTORICAL_COST_DIFFERS_CURRENT,,
product,Lattafa Asad Bourbon,lattafa asad bourbon,Control de compras,1,2026-05-11,2026-05-11,EXACT_MATCH,13627ebe-ca04-46e0-9d26-d2861d1ee4a5,Lattafa Asad Bourbon,lattafa-asad-bourbon,Nombre idéntico.,,0,0.00,0,2026-05-11,1,52920.00,58500.00,HISTORICAL_COST_DIFFERS_CURRENT,,
product,Lattafa Asad Masculino 100ml,lattafa asad masculino 100ml,Control de compras,1,2025-12-17,2025-12-17,NOT_FOUND,,,,"Sin coincidencia exacta, normalizada ni alias aprobado.",LATTAFA KHAMRAH - 100ML [aa3a931a-ef24-40b9-b65b-d2e2acd87a2b] (0.57)|LATTAFA MAYAR - 100ML [f044976f-c174-445b-8349-d5c62c424a56] (0.57)|Lattafa Asad Bourbon [13627ebe-ca04-46e0-9d26-d2861d1ee4a5] (0.54),0,0.00,0,,,,,,,
product,Lattafa Bade'e Al Oud Sublime,lattafa bade e al oud sublime,Control de compras,1,2026-01-22,2026-01-22,EXACT_MATCH,b58d9866-5d03-4f63-994d-762108522492,Lattafa Bade'e Al Oud Sublime,lattafa-bade-e-al-oud-sublime,Nombre idéntico.,,0,0.00,0,2026-01-22,1,36717.20,41400.00,HISTORICAL_COST_DIFFERS_CURRENT,,
product,Lattafa Eclaire,lattafa eclaire,Control de compras,1,2026-06-23,2026-06-23,EXACT_MATCH,ad228c7e-6279-424f-a436-36e85685e5b8,Lattafa Eclaire,lattafa-eclaire,Nombre idéntico.,,0,0.00,0,2026-06-23,1,44160.00,53000.00,HISTORICAL_COST_DIFFERS_CURRENT,,
product,Lattafa Fakhar Gold Edition Alternativo,lattafa fakhar gold edition alternativo,Control de compras,1,2025-09-02,2025-09-02,NOT_FOUND,,,,"Sin coincidencia exacta, normalizada ni alias aprobado.",,0,0.00,0,,,,,,,
product,LATTAFA KHAMRAH - 100ML,lattafa khamrah 100ml,Control de ventas|Control de compras,3,2026-04-08,2026-07-30,EXACT_MATCH,aa3a931a-ef24-40b9-b65b-d2e2acd87a2b,LATTAFA KHAMRAH - 100ML,lattafa-khamrah-100ml,Nombre idéntico.,,1,65000.00,1,2026-07-30,1,43700.00,43700.00,HISTORICAL_COST_MATCHES_CURRENT,,
product,LATTAFA MAYAR - 100ML,lattafa mayar 100ml,Control de compras,1,2026-04-08,2026-04-08,EXACT_MATCH,f044976f-c174-445b-8349-d5c62c424a56,LATTAFA MAYAR - 100ML,lattafa-mayar-100ml,Nombre idéntico.,,0,0.00,0,2026-04-08,1,42930.00,42930.00,HISTORICAL_COST_MATCHES_CURRENT,,
product,Lattafa Mayar Natural Intense,lattafa mayar natural intense,Control de compras,1,2026-01-22,2026-01-22,EXACT_MATCH,111846de-d228-438a-885b-f2a426a38489,Lattafa Mayar Natural Intense,lattafa-mayar-natural-intense,Nombre idéntico.,,0,0.00,0,2026-01-22,1,30345.00,38500.00,HISTORICAL_COST_DIFFERS_CURRENT,,
product,Lattafa Musamam White Intense,lattafa musamam white intense,Control de ventas|Control de compras,2,2025-10-15,2025-10-20,EXACT_MATCH,540bdab9-469a-4c01-b122-e3c70557251f,Lattafa Musamam White Intense,lattafa-musamam-white-intense,Nombre idéntico.,,1,74787.50,1,2025-10-15,1,67297.35,67297.35,HISTORICAL_COST_MATCHES_CURRENT,,
product,Lattafa Opulence Dubai,lattafa opulence dubai,Control de compras,1,2025-12-17,2025-12-17,NOT_FOUND,,,,"Sin coincidencia exacta, normalizada ni alias aprobado.",Lattafa Opulent Dubai [65027262-d36d-4230-a859-40a007489bfa] (0.91)|Lattafa Pride Nebras [1354e3bc-2fa3-486d-a43a-d38da696f160] (0.55)|Opulent Dubai [917dd573-dc58-435a-85a4-c6b55bcd7ffc] (0.55),0,0.00,0,,,,,,,
product,Lattafa Pride Nebras,lattafa pride nebras,Control de ventas|Control de compras,2,2025-12-17,2026-04-07,EXACT_MATCH,1354e3bc-2fa3-486d-a43a-d38da696f160,Lattafa Pride Nebras,lattafa-pride-nebras,Nombre idéntico.,,1,63500.00,1,2025-12-17,1,42500.00,42500.00,HISTORICAL_COST_MATCHES_CURRENT,,
product,Lattafa Qaed Al Fursan,lattafa qaed al fursan,Control de ventas|Control de compras,3,2025-12-17,2026-07-30,EXACT_MATCH,1a0e151a-fe10-4276-9b0e-a3db50759c41,Lattafa Qaed Al Fursan,lattafa-qaed-al-fursan,Nombre idéntico.,,1,41993.00,1,2026-07-30,1,34700.00,34700.00,HISTORICAL_COST_MATCHES_CURRENT,,
product,Lattafa Qaed Al Fursan Untamed,lattafa qaed al fursan untamed,Control de compras,1,2026-07-30,2026-07-30,ALIAS_MATCH,bedb3ca2-68ed-4158-a00f-4b203b4d8f92,Qaed Al Fursan Untamed,qaed-al-fursan-untamed,Alias explícito lattafa-qaed-al-fursan-untamed -> qaed-al-fursan-untamed.,,0,0.00,0,2026-07-30,1,36000.00,36000.00,HISTORICAL_COST_MATCHES_CURRENT,,
product,Lattafa Yara Candy,lattafa yara candy,Control de compras,1,2026-05-11,2026-05-11,EXACT_MATCH,a6158818-9fa9-4762-a98f-06d6f7a8afb3,Lattafa Yara Candy,lattafa-yara-candy,Nombre idéntico.,,0,0.00,0,2026-05-11,1,36750.00,41700.00,HISTORICAL_COST_DIFFERS_CURRENT,,
product,Lattafa Yara moi,lattafa yara moi,Control de compras,1,2026-01-22,2026-01-22,EXACT_MATCH,900a7c30-7412-4da3-b300-7d013044e853,Lattafa Yara moi,lattafa-yara-moi,Nombre idéntico.,,0,0.00,0,2026-01-22,1,31100.00,40600.00,HISTORICAL_COST_DIFFERS_CURRENT,,
product,Lattafa Yara rosa,lattafa yara rosa,Control de compras,1,2026-01-22,2026-01-22,AMBIGUOUS,05b34469-3eb8-4148-8e97-9a19f1c2df6e|f1cb2323-0e7f-49d6-a26f-110595c90e55,Lattafa Yara Rosa|Lattafa Yara Rosa,perfume-yara-rosa|lattafa-yara-rosa,La normalización coincide con varios productos.,,0,0.00,0,,,,,AMBIGUOUS_PRODUCT_MATCH,,
product,Lattafa Yara Rosa,lattafa yara rosa,Control de compras,1,2025-12-17,2025-12-17,AMBIGUOUS,05b34469-3eb8-4148-8e97-9a19f1c2df6e|f1cb2323-0e7f-49d6-a26f-110595c90e55,Lattafa Yara Rosa|Lattafa Yara Rosa,perfume-yara-rosa|lattafa-yara-rosa,Más de un producto con nombre idéntico.,,0,0.00,0,,,,,AMBIGUOUS_PRODUCT_MATCH,,
product,Lattafa Yara Tous,lattafa yara tous,Control de ventas|Control de compras,4,2025-11-04,2026-06-15,AMBIGUOUS,e53066cc-9c35-47e2-8d27-0fe5fb425ce8|ef80b721-2c20-466d-8584-a9ab852dd6ca,Lattafa Yara Tous|Lattafa Yara Tous,perfume-lattafa-yara-tous|lattafa-yara-tous,Más de un producto con nombre idéntico.,,2,97750.00,2,,,,,AMBIGUOUS_PRODUCT_MATCH,,
product,Mate Algarrobo Acrilico,mate algarrobo acrilico,Control de compras,1,2026-01-22,2026-01-22,EXACT_MATCH,5c0709ee-5299-433f-af37-628d4efa09ff,Mate Algarrobo Acrilico,mate-algarrobo-acrilico,Nombre idéntico.,,0,0.00,0,2026-01-22,1,14900.00,14900.00,HISTORICAL_COST_MATCHES_CURRENT,,
product,Mate Algarrobo Acrílico,mate algarrobo acrilico,Control de ventas,1,2026-04-16,2026-04-16,NORMALIZED_MATCH,5c0709ee-5299-433f-af37-628d4efa09ff,Mate Algarrobo Acrilico,mate-algarrobo-acrilico,"Coincidencia única ignorando mayúsculas, tildes y espacios.",,1,23990.00,1,2026-01-22,1,14900.00,14900.00,HISTORICAL_COST_MATCHES_CURRENT,,
product,Mate Algarrobo Simple,mate algarrobo simple,Control de compras,1,2026-01-22,2026-01-22,NOT_FOUND,,,,"Sin coincidencia exacta, normalizada ni alias aprobado.",Mate Algarrobo Acrilico [5c0709ee-5299-433f-af37-628d4efa09ff] (0.70),0,0.00,0,,,,,,,
product,Mate Camionero Argentina,mate camionero argentina,Control de compras,1,2026-03-20,2026-03-20,EXACT_MATCH,06d245a5-6028-42dd-89d8-1e1f1b598faf,Mate Camionero Argentina,mate-camionero-argentina,Nombre idéntico.,,0,0.00,0,2026-03-20,1,8640.00,8640.00,HISTORICAL_COST_MATCHES_CURRENT,,
product,Mate Camionero Harry Potter,mate camionero harry potter,Control de ventas|Control de compras,2,2026-03-20,2026-08-04,EXACT_MATCH,d6d024ff-1804-4be5-838b-8f7af9ca363d,Mate Camionero Harry Potter,mate-camionero-harry-potter,Nombre idéntico.,,1,26700.00,1,2026-03-20,1,8640.00,8640.00,HISTORICAL_COST_MATCHES_CURRENT,,
product,Mate Camionero Messi,mate camionero messi,Control de compras,1,2026-03-20,2026-03-20,EXACT_MATCH,ff56264b-c183-404b-984f-205e95eea65a,Mate Camionero Messi,mate-camionero-messi,Nombre idéntico.,,0,0.00,0,2026-03-20,1,8640.00,8640.00,HISTORICAL_COST_MATCHES_CURRENT,,
product,Mate Camionero Patagónia,mate camionero patagonia,Control de compras,1,2026-03-20,2026-03-20,EXACT_MATCH,39310ff1-8765-464b-89f2-cbb245581879,Mate Camionero Patagónia,mate-camionero-patagonia,Nombre idéntico.,,0,0.00,0,2026-03-20,1,8640.00,8640.00,HISTORICAL_COST_MATCHES_CURRENT,,
product,Mate Camionero Ruta,mate camionero ruta,Control de compras,1,2026-03-20,2026-03-20,EXACT_MATCH,41cec216-c896-452a-8e38-15730ebafa35,Mate Camionero Ruta,mate-camionero-ruta,Nombre idéntico.,,0,0.00,0,2026-03-20,1,8640.00,8640.00,HISTORICAL_COST_MATCHES_CURRENT,,
product,Mate Camionero virola alpaca cincelada con apliques de bronce,mate camionero virola alpaca cincelada con apliques de bronce,Control de ventas|Control de compras,2,2026-02-12,2026-03-22,EXACT_MATCH,d4d1925f-333b-449d-b419-c0024e91397e,Mate Camionero virola alpaca cincelada con apliques de bronce,mate-camionero-virola-alpaca-cincelada-con-apliques-de-bronce,Nombre idéntico.,,1,28000.00,1,2026-02-12,1,16800.00,16800.00,HISTORICAL_COST_MATCHES_CURRENT,,
product,Mate Camionero virola de acero inox,mate camionero virola de acero inox,Control de compras,1,2026-02-12,2026-02-12,EXACT_MATCH,0c74c49c-47fd-41e4-b07b-730afc08a6cd,Mate Camionero virola de acero inox,mate-camionero-virola-de-acero-inox,Nombre idéntico.,,0,0.00,0,2026-02-12,1,12900.00,12900.00,HISTORICAL_COST_MATCHES_CURRENT,,
product,Mate Imperial algarrobo con grabado BOCA JUNIORS,mate imperial algarrobo con grabado boca juniors,Control de compras,1,2026-03-20,2026-03-20,EXACT_MATCH,032d8b00-dd7e-4700-b8d4-106ccf93ba1a,Mate Imperial algarrobo con grabado BOCA JUNIORS,mate-imperial-algarrobo-con-grabado-boca-juniors,Nombre idéntico.,,0,0.00,0,2026-03-20,1,11550.00,11550.00,HISTORICAL_COST_MATCHES_CURRENT,,
product,Mate Imperial algarrobo con grabado RIVER PLATE,mate imperial algarrobo con grabado river plate,Control de ventas|Control de compras,2,2026-03-20,2026-04-11,EXACT_MATCH,19fba313-0653-4d9c-9e1a-f62a46652bf5,Mate Imperial algarrobo con grabado RIVER PLATE,mate-imperial-algarrobo-con-grabado-river-plate,Nombre idéntico.,,1,31100.00,1,2026-03-20,1,11550.00,11550.00,HISTORICAL_COST_MATCHES_CURRENT,,
product,Mate Imperial Animal Print  virola cincelada con aplique,mate imperial animal print virola cincelada con aplique,Control de compras,1,2026-02-12,2026-02-12,EXACT_MATCH,e7ceb4e9-34e4-469b-b225-5de2e3cb5a8a,Mate Imperial Animal Print  virola cincelada con aplique,mate-imperial-animal-print-virola-cincelada-con-aplique,Nombre idéntico.,,0,0.00,0,2026-02-12,1,26400.00,26400.00,HISTORICAL_COST_MATCHES_CURRENT,,
product,Mate Imperial Animal Print  virola lisa,mate imperial animal print virola lisa,Control de compras,1,2026-02-12,2026-02-12,EXACT_MATCH,c022616a-218b-4dbc-b219-6460f0ec0abc,Mate Imperial Animal Print  virola lisa,mate-imperial-animal-print-virola-lisa,Nombre idéntico.,,0,0.00,0,2026-02-12,1,24300.00,24300.00,HISTORICAL_COST_MATCHES_CURRENT,,
product,Mate Imperial cuero liso virola acero y bronce con botitas,mate imperial cuero liso virola acero y bronce con botitas,Control de compras,1,2026-02-12,2026-02-12,EXACT_MATCH,9c05ba0b-731a-4701-80e6-450c1a4552fb,Mate Imperial cuero liso virola acero y bronce con botitas,mate-imperial-cuero-liso-virola-acero-y-bronce-con-botitas,Nombre idéntico.,,0,0.00,0,2026-02-12,1,26500.00,26500.00,HISTORICAL_COST_MATCHES_CURRENT,,
product,Mate Imperial Liso,mate imperial liso,Control de compras,1,2026-02-12,2026-02-12,EXACT_MATCH,fb74b40d-84d4-4626-b313-fa8fac9275ad,Mate Imperial Liso,mate-imperial-liso,Nombre idéntico.,,0,0.00,0,2026-02-12,1,17800.00,17800.00,HISTORICAL_COST_MATCHES_CURRENT,,
product,Mate Imperial virola alpaca cincelada premium,mate imperial virola alpaca cincelada premium,Control de ventas|Control de compras,2,2026-02-12,2026-09-23,EXACT_MATCH,4f4d04b7-f869-4b24-8cb4-9817c9d2ccef,Mate Imperial virola alpaca cincelada premium,mate-imperial-virola-alpaca-cincelada-premium,Nombre idéntico.,,1,29750.00,1,2026-02-12,1,19100.00,19100.00,HISTORICAL_COST_MATCHES_CURRENT,,
product,Mate Pampa Original boca abierta,mate pampa original boca abierta,Control de compras,1,2026-01-22,2026-01-22,NOT_FOUND,,,,"Sin coincidencia exacta, normalizada ni alias aprobado.",,0,0.00,0,,,,,,,
product,Mate Torpedo alpaca cincelada cuero dibujado con botitas,mate torpedo alpaca cincelada cuero dibujado con botitas,Control de compras,1,2026-02-12,2026-02-12,EXACT_MATCH,fba9e477-4b03-48be-bbf1-4a7152105234,Mate Torpedo alpaca cincelada cuero dibujado con botitas,mate-torpedo-alpaca-cincelada-cuero-dibujado-con-botitas,Nombre idéntico.,,0,0.00,0,2026-02-12,1,24500.00,24500.00,HISTORICAL_COST_MATCHES_CURRENT,,
product,Mate Torpedo animal print 100% cuero,mate torpedo animal print 100 cuero,Control de compras,1,2026-02-12,2026-02-12,EXACT_MATCH,2c39e1c9-cc23-4d4c-bb5d-8469f87e666b,Mate Torpedo animal print 100% cuero,mate-torpedo-animal-print-100-cuero,Nombre idéntico.,,0,0.00,0,2026-02-12,1,27400.00,27400.00,HISTORICAL_COST_MATCHES_CURRENT,,
product,Mate Torpedo animal print alpaca cincelada,mate torpedo animal print alpaca cincelada,Control de compras,1,2026-02-12,2026-02-12,EXACT_MATCH,6d1059a4-9226-415a-ac5a-163b9545b04a,Mate Torpedo animal print alpaca cincelada,mate-torpedo-animal-print-alpaca-cincelada,Nombre idéntico.,,0,0.00,0,2026-02-12,1,25400.00,25400.00,HISTORICAL_COST_MATCHES_CURRENT,,
product,Mate Torpedo base de cuero virola cincelada de bronce,mate torpedo base de cuero virola cincelada de bronce,Control de compras,1,2026-02-12,2026-02-12,EXACT_MATCH,a9f0a1e1-7acd-4bfe-a9e2-48e6f0a8354c,Mate Torpedo base de cuero virola cincelada de bronce,mate-torpedo-base-de-cuero-virola-cincelada-de-bronce,Nombre idéntico.,,0,0.00,0,2026-02-12,1,24800.00,24800.00,HISTORICAL_COST_MATCHES_CURRENT,,
product,Mate Torpedo virola alpaca cincelada,mate torpedo virola alpaca cincelada,Control de compras,1,2026-02-12,2026-02-12,EXACT_MATCH,ef88ee42-4946-4544-9282-21d5d16f17ea,Mate Torpedo virola alpaca cincelada,mate-torpedo-virola-alpaca-cincelada,Nombre idéntico.,,0,0.00,0,2026-02-12,1,16800.00,16800.00,HISTORICAL_COST_MATCHES_CURRENT,,
product,Odyseey Limoni,odyseey limoni,Control de compras,1,2025-10-14,2025-10-14,EXACT_MATCH,63350249-ae3f-457d-8e5f-e3bb60be80e3,Odyseey Limoni,odyseey-limoni,Nombre idéntico.,,0,0.00,0,2025-10-14,1,37975.00,40000.00,HISTORICAL_COST_DIFFERS_CURRENT,,
product,Odyssey Aqua,odyssey aqua,Control de compras,1,2025-11-04,2025-11-04,EXACT_MATCH,73070e5d-763d-4d39-af59-957126199cab,Odyssey Aqua,odyssey-aqua,Nombre idéntico.,,0,0.00,0,2025-11-04,1,47639.00,57600.00,HISTORICAL_COST_DIFFERS_CURRENT,,
product,Odyssey Artisto,odyssey artisto,Control de compras,1,2025-11-04,2025-11-04,EXACT_MATCH,53dda192-fa55-4d00-8deb-592b5f8deb4e,Odyssey Artisto,odyssey-artisto,Nombre idéntico.,,0,0.00,0,2025-11-04,1,50549.00,50549.00,HISTORICAL_COST_MATCHES_CURRENT,,
product,Odyssey Go Mango,odyssey go mango,Control de compras,1,2025-11-04,2025-11-04,EXACT_MATCH,0c177ab6-1db8-4692-8bda-2ec0dcb7156a,Odyssey Go Mango,odyssey-go-mango,Nombre idéntico.,,0,0.00,0,2025-11-04,1,75138.50,75138.50,HISTORICAL_COST_MATCHES_CURRENT,,
product,Odyssey Homme Black,odyssey homme black,Control de compras,1,2026-05-11,2026-05-11,EXACT_MATCH,c880c7b1-61bd-44be-93c7-9c4be028bc20,Odyssey Homme Black,odyssey-homme-black,Nombre idéntico.,,0,0.00,0,2026-05-11,1,34545.00,34545.00,HISTORICAL_COST_MATCHES_CURRENT,,
product,ODYSSEY MANDARIN SKY,odyssey mandarin sky,Control de ventas|Control de compras,5,2025-09-19,2025-11-04,EXACT_MATCH,b93f703a-2a95-4167-b9ea-168c380456b3,ODYSSEY MANDARIN SKY,odyssey-mandarin-sky,Nombre idéntico.,,2,116644.00,2,2025-11-04,1,42037.25,48000.00,HISTORICAL_COST_DIFFERS_CURRENT,,
product,ODYSSEY MANDARIN SKYBOTELLA FLIP KENCHER 900ML,odyssey mandarin skybotella flip kencher 900ml,Control de ventas,1,2025-10-01,2025-10-01,NOT_FOUND,,,,"Sin coincidencia exacta, normalizada ni alias aprobado.",BOTELLA FLIP KENCHER 900ML [ea5850cf-f751-422e-96d1-ca255a1e80a6] (0.57),1,29000.00,1,,,,,,,
product,Odyssey Mega,odyssey mega,Control de ventas|Control de compras,2,2025-11-04,2026-05-02,EXACT_MATCH,68c61d33-eb0e-4078-85fd-4481f7856451,Odyssey Mega,odyssey-mega,Nombre idéntico.,,1,55456.00,1,2025-11-04,1,38065.10,40500.00,HISTORICAL_COST_DIFFERS_CURRENT,,
product,Odyssey Wild One,odyssey wild one,Control de compras,1,2025-11-04,2025-11-04,EXACT_MATCH,f65ba129-7183-4894-bd1c-c9676df030ad,Odyssey Wild One,odyssey-wild-one,Nombre idéntico.,,0,0.00,0,2025-11-04,1,37745.00,41000.00,HISTORICAL_COST_DIFFERS_CURRENT,,
product,Opulent Dubai,opulent dubai,Control de compras,1,2025-10-14,2025-10-14,EXACT_MATCH,917dd573-dc58-435a-85a4-c6b55bcd7ffc,Opulent Dubai,opulent-dubai,Nombre idéntico.,,0,0.00,0,2025-10-14,1,27367.25,45000.00,HISTORICAL_COST_DIFFERS_CURRENT,,
product,PARLANTE JBL GO3,parlante jbl go3,Control de ventas|Control de compras,4,2025-06-15,2025-08-19,EXACT_MATCH,1a7fd59a-75ee-4255-9ae0-277b3be4bd2e,PARLANTE JBL GO3,parlante-jbl-go3,Nombre idéntico.,,3,111504.00,3,2025-06-20,5,16160.00,16160.00,HISTORICAL_COST_MATCHES_CURRENT,,
product,PAVA ELECTRICA,pava electrica,Control de ventas,1,2025-08-09,2025-08-09,NOT_FOUND,,,,"Sin coincidencia exacta, normalizada ni alias aprobado.",,2,25000.00,1,,,,,,,
product,PHILOS PURA - 100ML,philos pura 100ml,Control de ventas|Control de compras,2,2026-04-08,2026-04-09,EXACT_MATCH,4d1af887-4b48-4be4-82e1-c0d9effb1a30,PHILOS PURA - 100ML,philos-pura-100ml,Nombre idéntico.,,1,53000.00,1,2026-04-08,1,42300.00,42300.00,HISTORICAL_COST_MATCHES_CURRENT,,
product,Porta mate cuero,porta mate cuero,Control de compras,1,2026-03-20,2026-03-20,NOT_FOUND,,,,"Sin coincidencia exacta, normalizada ni alias aprobado.",Porta mate cuero Marrón [a2843178-0691-4a35-bb30-b475b3e941ff] (0.75)|Porta mate cuero Marrón Oscuro [165c4d74-286a-4882-9370-e47001f85e95] (0.60)|Canasta matera 100% cuero [3e33942f-1d42-4b03-b30d-97da131b2cba] (0.54),0,0.00,0,,,,,,,
product,RASSASI HAWAS FOR HIM,rassasi hawas for him,Control de ventas|Control de compras,3,2025-09-19,2026-01-22,EXACT_MATCH,7d334fd0-24b8-422a-a5bd-daa7de0e2947,RASSASI HAWAS FOR HIM,rassasi-hawas-for-him,Nombre idéntico.,,1,49840.00,1,2026-01-22,1,36596.40,48000.00,HISTORICAL_COST_DIFFERS_CURRENT,,
product,SALVO ELIXIR - 60ML,salvo elixir 60ml,Control de compras,1,2026-07-30,2026-07-30,EXACT_MATCH,f57365ec-33f2-4807-aa64-18a77c00b00b,SALVO ELIXIR - 60ML,salvo-elixir-60ml,Nombre idéntico.,,0,0.00,0,2026-07-30,1,38300.00,38300.00,HISTORICAL_COST_MATCHES_CURRENT,,
product,Sceptre Malachite Maison Alhambra,sceptre malachite maison alhambra,Control de compras,1,2025-11-04,2025-11-04,EXACT_MATCH,d26152c8-44cf-4db0-9dc6-b46e728f85e0,Sceptre Malachite Maison Alhambra,sceptre-malachite-maison-alhambra,Nombre idéntico.,,0,0.00,0,2025-11-04,1,39636.50,39636.50,HISTORICAL_COST_MATCHES_CURRENT,,
product,SECAPLATO,secaplato,Control de ventas,1,2025-08-09,2025-08-09,NOT_FOUND,,,,"Sin coincidencia exacta, normalizada ni alias aprobado.",,1,29000.00,1,,,,,,,
product,TEMPLADOS,templados,Control de compras,1,2025-06-20,2025-06-20,EXACT_MATCH,1972ae36-3e41-421a-ae47-e32f8b5fc407,TEMPLADOS,templados,Nombre idéntico.,,0,0.00,0,2025-06-20,50,1335.00,1950.00,HISTORICAL_COST_DIFFERS_CURRENT,,
product,Termo de acero negro,termo de acero negro,Control de ventas|Control de compras,3,2026-01-22,2026-06-26,EXACT_MATCH,cd5debfb-af46-45a5-9c20-ecf6bbb27c53,Termo de acero negro,termo-de-acero-negro,Nombre idéntico.,,2,57000.00,2,2026-01-22,2,16999.00,16999.00,HISTORICAL_COST_MATCHES_CURRENT,,
product,TERMO MATESYSTEM,termo matesystem,Control de ventas|Control de compras,4,2025-06-20,2025-12-18,EXACT_MATCH,f88b4746-0c70-421e-920f-0e066ef18a38,TERMO MATESYSTEM,termo-matesystem,Nombre idéntico.,,3,156550.00,3,2025-06-20,3,20200.00,20200.00,HISTORICAL_COST_MATCHES_CURRENT,,
product,Termo Media Manija Negro,termo media manija negro,Control de compras,1,,,NOT_FOUND,,,,"Sin coincidencia exacta, normalizada ni alias aprobado.",Termo media manija negro 1L [b223e3e9-3bb6-4da9-8a62-a03a4fd994e0] (0.89)|Termo de acero negro [cd5debfb-af46-45a5-9c20-ecf6bbb27c53] (0.63),0,0.00,0,,,,,,,
product,Termo media manija negro 1L,termo media manija negro 1l,Control de ventas|Control de compras,5,2026-03-20,2026-07-27,EXACT_MATCH,b223e3e9-3bb6-4da9-8a62-a03a4fd994e0,Termo media manija negro 1L,termo-media-manija-negro-1l,Nombre idéntico.,,4,113900.00,4,2026-03-20,2,12640.00,12640.00,HISTORICAL_COST_MATCHES_CURRENT,,
product,Termo media manija negro tapa plateada 1L,termo media manija negro tapa plateada 1l,Control de compras,1,2026-01-22,2026-01-22,NOT_FOUND,,,,"Sin coincidencia exacta, normalizada ni alias aprobado.",Termo media manija negro 1L [b223e3e9-3bb6-4da9-8a62-a03a4fd994e0] (0.71),0,0.00,0,,,,,,,
product,Termo media manija plateada 1L,termo media manija plateada 1l,Control de compras,1,2026-01-22,2026-01-22,NOT_FOUND,,,,"Sin coincidencia exacta, normalizada ni alias aprobado.",Termo media manija negro 1L [b223e3e9-3bb6-4da9-8a62-a03a4fd994e0] (0.77),0,0.00,0,,,,,,,
product,Termo pico system,termo pico system,Control de ventas|Control de compras,4,2026-07-24,2026-09-04,NORMALIZED_MATCH,5585ed23-1d19-40b0-a443-81953a999e9c,Termo Pico System,termo-pico-system,"Coincidencia única ignorando mayúsculas, tildes y espacios.",,3,101500.00,3,2026-07-24,10,18500.00,20600.00,HISTORICAL_COST_DIFFERS_CURRENT,,
product,Termo Pico System,termo pico system,Control de compras,1,2026-03-20,2026-03-20,EXACT_MATCH,5585ed23-1d19-40b0-a443-81953a999e9c,Termo Pico System,termo-pico-system,Nombre idéntico.,,0,0.00,0,2026-07-24,10,18500.00,20600.00,HISTORICAL_COST_DIFFERS_CURRENT,,
product,TERMO STANLEY,termo stanley,Control de ventas,1,2026-07-27,2026-07-27,EXACT_MATCH,cb2f395b-d009-4358-9678-f5c892bc5c4d,TERMO STANLEY,termo-stanley,Nombre idéntico.,,1,29500.00,1,,,,19500.00,NO_HISTORICAL_PURCHASE,,
product,TERMO STANLEY Verde,termo stanley verde,Control de ventas,1,2026-06-27,2026-06-27,NOT_FOUND,,,,"Sin coincidencia exacta, normalizada ni alias aprobado.",TERMO STANLEY [cb2f395b-d009-4358-9678-f5c892bc5c4d] (0.68)|BOTELLAS STANLEY 650ML [2e066864-97a0-4695-b484-3ef62b869dd1] (0.50),1,29250.00,1,,,,,,,
product,Torpedo Criollo Con Base,torpedo criollo con base,Control de compras,1,,,EXACT_MATCH,dcf4dcf5-1abe-4c87-8e5a-0217532b4a69,Torpedo Criollo Con Base,torpedo-criollo-con-base,Nombre idéntico.,,0,0.00,0,,,,19000.00,NO_HISTORICAL_PURCHASE,,
product,TRAVEL MANIJA,travel manija,Control de ventas|Control de compras,3,2025-06-20,2026-04-08,EXACT_MATCH,a4a3caa7-6a02-40c9-9412-549e98492b12,TRAVEL MANIJA,travel-manija,Nombre idéntico.,,2,50800.00,2,2025-06-20,3,15200.00,15200.00,HISTORICAL_COST_MATCHES_CURRENT,,
product,Uomo itense,uomo itense,Control de compras,1,2026-07-30,2026-07-30,EXACT_MATCH,314ab75f-58b3-49c5-8602-cda72295d855,Uomo itense,uomo-itense,Nombre idéntico.,,0,0.00,0,2026-07-30,1,54400.00,54400.00,HISTORICAL_COST_MATCHES_CURRENT,,
product,VAPE ELFBAR 30K,vape elfbar 30k,Control de ventas|Control de compras,4,2025-06-20,2025-08-08,NOT_FOUND,,,,"Sin coincidencia exacta, normalizada ni alias aprobado.",,3,190743.00,3,,,,,,,
product,VAPE IGNATE  V150,vape ignate v150,Control de ventas,11,2025-05-22,2026-06-09,NOT_FOUND,,,,"Sin coincidencia exacta, normalizada ni alias aprobado.",,11,258240.00,11,,,,,,,
product,VAPE IGNATE  V151,vape ignate v151,Control de ventas,1,2026-06-10,2026-06-10,NOT_FOUND,,,,"Sin coincidencia exacta, normalizada ni alias aprobado.",,1,30800.00,1,,,,,,,
product,Vaper Ignite V150,vaper ignite v150,Control de compras,2,2025-06-20,2025-09-19,NOT_FOUND,,,,"Sin coincidencia exacta, normalizada ni alias aprobado.",,0,0.00,0,,,,,,,
product,Vaso Cervecero Liso,vaso cervecero liso,Control de compras,1,2026-01-22,2026-01-22,NOT_FOUND,,,,"Sin coincidencia exacta, normalizada ni alias aprobado.",,0,0.00,0,,,,,,,
product,Vaso Cervecero Stanley,vaso cervecero stanley,Control de compras,1,2026-01-22,2026-01-22,NOT_FOUND,,,,"Sin coincidencia exacta, normalizada ni alias aprobado.",TERMO STANLEY [cb2f395b-d009-4358-9678-f5c892bc5c4d] (0.50),0,0.00,0,,,,,,,
product,Versace 30ml,versace 30ml,Control de compras,1,2025-09-02,2025-09-02,NOT_FOUND,,,,"Sin coincidencia exacta, normalizada ni alias aprobado.",,0,0.00,0,,,,,,,
product,Vulcan Feu French Avenue,vulcan feu french avenue,Control de compras,1,2025-11-04,2025-11-04,EXACT_MATCH,3593d659-714c-40ed-9231-8e57064c0fc3,Vulcan Feu French Avenue,vulcan-feu-french-avenue,Nombre idéntico.,,0,0.00,0,2025-11-04,1,71064.50,71064.50,HISTORICAL_COST_MATCHES_CURRENT,,
product,YARA CLASICO - 100ML,yara clasico 100ml,Control de compras,1,2026-07-30,2026-07-30,NOT_FOUND,,,,"Sin coincidencia exacta, normalizada ni alias aprobado.",YARA ELIXIR - 100ML [919056a3-1dc9-4ae0-9f90-fbba8cf58be9] (0.72)|HOMME BLACK - 100ML [c6ab646e-ea3c-4ca9-928a-3f518e49f5e6] (0.50),0,0.00,0,,,,,,,
product,YARA ELIXIR - 100ML,yara elixir 100ml,Control de compras,1,2026-07-30,2026-07-30,EXACT_MATCH,919056a3-1dc9-4ae0-9f90-fbba8cf58be9,YARA ELIXIR - 100ML,yara-elixir-100ml,Nombre idéntico.,,0,0.00,0,2026-07-30,1,54500.00,54500.00,HISTORICAL_COST_MATCHES_CURRENT,,
product,Yara Tous Lattafa,yara tous lattafa,Control de compras,1,2025-12-17,2025-12-17,NOT_FOUND,,,,"Sin coincidencia exacta, normalizada ni alias aprobado.",Lattafa Yara Tous [e53066cc-9c35-47e2-8d27-0fe5fb425ce8] (1.00)|Lattafa Yara Tous [ef80b721-2c20-466d-8584-a9ab852dd6ca] (1.00)|Lattafa Yara Candy [a6158818-9fa9-4762-a98f-06d6f7a8afb3] (0.50),0,0.00,0,,,,,,,
product,Yerba organica Sante molienda fina 1Kg,yerba organica sante molienda fina 1kg,Control de compras,1,2026-03-09,2026-03-09,EXACT_MATCH,ef9c93f0-e96f-409d-a3be-2105face156a,Yerba organica Sante molienda fina 1Kg,yerba-organica-sante-molienda-fina-1kg,Nombre idéntico.,,0,0.00,0,2026-03-09,1,5000.00,5500.00,HISTORICAL_COST_DIFFERS_CURRENT,,
product,Yerba organica Sante molienda fina 500g,yerba organica sante molienda fina 500g,Control de ventas|Control de compras,2,2026-03-09,2026-03-10,EXACT_MATCH,2db3fb94-78ce-4ba3-b5f5-335c8a6d36c4,Yerba organica Sante molienda fina 500g,yerba-organica-sante-molienda-fina-500g,Nombre idéntico.,,1,3750.00,1,2026-03-09,1,2500.00,2750.00,HISTORICAL_COST_DIFFERS_CURRENT,,
product,Yerba organica Sante molienda gruesa 1Kg,yerba organica sante molienda gruesa 1kg,Control de ventas|Control de compras,2,2026-03-09,2026-03-11,EXACT_MATCH,d2173255-1fa5-4432-8ccf-d55ecf0f93b8,Yerba organica Sante molienda gruesa 1Kg,yerba-organica-sante-molienda-gruesa-1kg,Nombre idéntico.,,1,7500.00,1,2026-03-09,2,5000.00,5500.00,HISTORICAL_COST_DIFFERS_CURRENT,,
product,Yerba organica Sante molienda gruesa 500g,yerba organica sante molienda gruesa 500g,Control de ventas|Control de compras,2,2026-03-09,2026-06-30,EXACT_MATCH,833a8d5f-cbe9-48b7-b8f2-2545dda9a0f3,Yerba organica Sante molienda gruesa 500g,yerba-organica-sante-molienda-gruesa-500g,Nombre idéntico.,,1,5200.00,1,2026-03-09,1,2500.00,2750.00,HISTORICAL_COST_DIFFERS_CURRENT,,
supplier,ALBA IMPORTADOS,alba importados,Lista de precios proveedores,5,,,NOT_FOUND,,,,Sin coincidencia exacta o normalizada.,,,,,,,,,,,
supplier,COLD IMPORTADOR DIRECTO,cold importador directo,Producto Perfumes|Lista de precios proveedores,24,,,NOT_FOUND,,,,Sin coincidencia exacta o normalizada.,,,,,,,,,,,
supplier,DE TODO UN POCO STOCK,de todo un poco stock,Lista de precios proveedores,1,,,NOT_FOUND,,,,Sin coincidencia exacta o normalizada.,,,,,,,,,,,
supplier,ER MAYORISTA,er mayorista,Lista de precios proveedores,6,,,NOT_FOUND,,,,Sin coincidencia exacta o normalizada.,,,,,,,,,,,
supplier,IMPORTADO STORE,importado store,Lista de precios proveedores,22,,,NOT_FOUND,,,,Sin coincidencia exacta o normalizada.,,,,,,,,,,,
supplier,IMPORTADOK 4 THE LUXE KIKE,importadok 4 the luxe kike,Lista de precios proveedores,1,,,NOT_FOUND,,,,Sin coincidencia exacta o normalizada.,,,,,,,,,,,
supplier,MAYORISTA JUAN CICCIARI,mayorista juan cicciari,Lista de precios proveedores,8,,,NOT_FOUND,,,,Sin coincidencia exacta o normalizada.,,,,,,,,,,,
supplier,NEW RED,new red,Lista de precios proveedores,6,,,NOT_FOUND,,,,Sin coincidencia exacta o normalizada.,,,,,,,,,,,
supplier,NEXUS,nexus,Lista de precios proveedores,11,,,NOT_FOUND,,,,Sin coincidencia exacta o normalizada.,,,,,,,,,,,
supplier,PRODUCTOS TENDENCIA,productos tendencia,Lista de precios proveedores,1,,,NOT_FOUND,,,,Sin coincidencia exacta o normalizada.,,,,,,,,,,,
supplier,REVOLEOS OFICIAL,revoleos oficial,Lista de precios proveedores,22,,,NOT_FOUND,,,,Sin coincidencia exacta o normalizada.,,,,,,,,,,,
