source_sheet,source_row,split_line,record_type,source_product_name,matched_product_id,matched_product_name,date,source_quantity,source_total,quantity,unit_amount,total,decision,readiness_status,reason,fingerprint
Control de ventas,2,,sale,AURICULAR JBL HARMAN,92a1da75-72be-42ad-891f-753273b34460,AURICULAR JBL HARMAN,2025-05-21,1,35320,1,35320,35320,INSERT,READY,"Fila válida, producto resuelto y pago documentado; candidata a venta histórica sin efecto de inventario.",e426b26ad1d5e0addeadbf3f6dfecaed505ffb1c53593865b4d242875766cb48
Control de ventas,3,,sale,VAPE IGNATE  V150,,,2025-05-22,1,20490,1,20490,20490,REVIEW,HISTORICAL_PRODUCT_READY,HISTORICAL_PRODUCT_REQUIRED,7aad3e210a58197a77051e5768fb446cc7c7783cebceede5a71b5bc184285398
Control de ventas,4,,sale,BOTELLAS STANLEY 650ML,2e066864-97a0-4695-b484-3ef62b869dd1,BOTELLAS STANLEY 650ML,2025-06-13,1,20000,1,20000,20000,INSERT,READY,"Fila válida, producto resuelto y pago documentado; candidata a venta histórica sin efecto de inventario.",1331fef8972dc49db7c61c5a6c0eaed7f78b99c43a52a0d0cb0612bef4ecf498
Control de ventas,5,,sale,PARLANTE JBL GO3,1a7fd59a-75ee-4255-9ae0-277b3be4bd2e,PARLANTE JBL GO3,2025-06-15,1,37168,1,37168,37168,INSERT,READY,"Fila válida, producto resuelto y pago documentado; candidata a venta histórica sin efecto de inventario.",bade6ef24854a689d0525627313882ecb148a93c5b25357ce43972c2182790a8
Control de ventas,6,,sale,BOTELLAS STANLEY 650ML,2e066864-97a0-4695-b484-3ef62b869dd1,BOTELLAS STANLEY 650ML,2025-06-16,1,20000,1,20000,20000,INSERT,READY,"Fila válida, producto resuelto y pago documentado; candidata a venta histórica sin efecto de inventario.",d940f653d40dff7e70ffd38b1758cf55dca74eb17e762eb4bfe70e0da8e5e586
Control de ventas,7,,sale,VAPE IGNATE  V150,,,2025-06-26,1,20490,1,20490,20490,REVIEW,HISTORICAL_PRODUCT_READY,HISTORICAL_PRODUCT_REQUIRED,991aa55e27e9afdd110666a338988b875307afa27383a3a5fd87d43b92e7dedd
Control de ventas,8,,sale,VAPE IGNATE  V150,,,2025-06-27,1,20490,1,20490,20490,REVIEW,HISTORICAL_PRODUCT_READY,HISTORICAL_PRODUCT_REQUIRED,bc09aaf89d7267bf0dea31ec563ced155874fec14699eead3557c7918930ab72
Control de ventas,9,,sale,VAPE IGNATE  V150,,,2025-06-30,1,20490,1,20490,20490,REVIEW,HISTORICAL_PRODUCT_READY,HISTORICAL_PRODUCT_REQUIRED,856415141c14084f1a3add673bb866ecb903f3f7c795cc0f729c71077ef30b75
Control de ventas,10,,sale,AURICULAR JBL HARMAN,92a1da75-72be-42ad-891f-753273b34460,AURICULAR JBL HARMAN,2025-07-01,1,35320,1,35320,35320,INSERT,READY,"Fila válida, producto resuelto y pago documentado; candidata a venta histórica sin efecto de inventario.",9698485226d8a5753b50ac487fd063d66499b8470715cdf9161ea0b7f432a79c
Control de ventas,11,,sale,AURICULAR JBL HARMAN,92a1da75-72be-42ad-891f-753273b34460,AURICULAR JBL HARMAN,2025-07-09,1,35320,1,35320,35320,INSERT,READY,"Fila válida, producto resuelto y pago documentado; candidata a venta histórica sin efecto de inventario.",ff74565d6336886112981250dba8ea007a8eccad0136b2ab331cab4f2be29d35
Control de ventas,12,,sale,AIRPODS PRO 2,e73c5890-d0a0-4805-a558-cb3b7030ab30,AIRPODS PRO 2,2025-07-09,1,35000,1,35000,35000,INSERT,READY,"Fila válida, producto resuelto y pago documentado; candidata a venta histórica sin efecto de inventario.",67297f939dd5bde5043ae15caad363212da5745fc49ea2de26f8d6f82c729bff
Control de ventas,13,,sale,VAPE ELFBAR 30K,,,2025-07-10,1,63581,1,63581,63581,REVIEW,HISTORICAL_PRODUCT_READY,HISTORICAL_PRODUCT_REQUIRED,448f652f5335590cfd8d93f87fbf8f45ed49c9ac7cd231a4817cb01fa2244847
Control de ventas,14,,sale,VAPE ELFBAR 30K,,,2025-07-10,1,63581,1,63581,63581,REVIEW,HISTORICAL_PRODUCT_READY,HISTORICAL_PRODUCT_REQUIRED,8cbb9d7a8b49a2e15a464a748ebbccc90710b76dd7a228f7d8a85c557872c9ff
Control de ventas,15,,sale,BOMBILLAS,4615e2d5-1659-4224-a437-ad598b6510d5,BOMBILLAS,2025-07-10,1,5000,1,5000,5000,INSERT,READY,"Fila válida, producto resuelto y pago documentado; candidata a venta histórica sin efecto de inventario.",56596f77051f33f69455d035ffe44951531de54e13a2f79e9c5ad30932165c49
Control de ventas,16,,sale,TERMO MATESYSTEM,f88b4746-0c70-421e-920f-0e066ef18a38,TERMO MATESYSTEM,2025-07-11,1,60600,1,60600,60600,REVIEW,POSSIBLE_DUPLICATE,DUPLICADO_POTENCIAL_FILAS_16_20,9995da9f395e840e56ccca2164469caa7502d844aadc6af2605677178e3d2566
Control de ventas,17,,sale,VAPE IGNATE  V150,,,2025-07-18,1,20490,1,20490,20490,REVIEW,HISTORICAL_PRODUCT_READY,HISTORICAL_PRODUCT_REQUIRED,fd12465f0471ae8a91125a1516bae969a646aaf31bc01a8b31122d6d55a80ac9
Control de ventas,18,,sale,VAPE IGNATE  V150,,,2025-07-19,1,20490,1,20490,20490,REVIEW,HISTORICAL_PRODUCT_READY,HISTORICAL_PRODUCT_REQUIRED,b904676e687949b6ac9199b9886fd2b84463b30b0964246958566d5e0a045790
Control de ventas,19,,sale,PARLANTE JBL GO3,1a7fd59a-75ee-4255-9ae0-277b3be4bd2e,PARLANTE JBL GO3,2025-07-20,1,37168,1,37168,37168,INSERT,READY,"Fila válida, producto resuelto y pago documentado; candidata a venta histórica sin efecto de inventario.",eeeb01c87fc3f1d46fe13191e1e1573d591e87f6a38e21add6ae0d0e678d1ee1
Control de ventas,20,,sale,TERMO MATESYSTEM,f88b4746-0c70-421e-920f-0e066ef18a38,TERMO MATESYSTEM,2025-07-11,1,60600,1,60600,60600,REVIEW,POSSIBLE_DUPLICATE,DUPLICADO_POTENCIAL_FILAS_16_20,0e8385bb681d992daea65d569c5a011b3df30984a5b3b8d33ef3a54e8560b250
Control de ventas,21,,sale,VAPE ELFBAR 30K,,,2025-08-08,1,63581,1,63581,63581,REVIEW,HISTORICAL_PRODUCT_READY,HISTORICAL_PRODUCT_REQUIRED,f119ba7787e779441ab37f5e014e7d00a08e6646df4388bdaeb7ced450f651e7
Control de ventas,22,,sale,"CABEZAL 20W USB-C	 
ORIGINAL",753fd426-1a8c-49c6-8e17-60b57ea59b8b,Cabezal Iphone,2025-08-09,1,15000,1,15000,15000,INSERT,READY,"Fila válida, producto resuelto y pago documentado; candidata a venta histórica sin efecto de inventario.",78f618ee08e79ae36e94dd0f16f09b1df2f49444eca6f29c704fe66ac914e71b
Control de ventas,23,,sale,AFNAN 9PM BLACK MEN EDP 100ML,,,2025-08-09,1,54000,1,54000,54000,REVIEW,HISTORICAL_PRODUCT_READY,HISTORICAL_PRODUCT_REQUIRED,dbd76570441abbf1c2bd101d1058059b217549e0961aab8ac7fc31f1fc013142
Control de ventas,24,,sale,AFNAN 9PM REBEL 100ML EDP,,,2025-08-09,1,69900,1,69900,69900,REVIEW,HISTORICAL_PRODUCT_READY,HISTORICAL_PRODUCT_REQUIRED,59a266f449d1e66fb629db11d26acfbea20fe9df15ce09a49a99a2031098e331
Control de ventas,25,,sale,PAVA ELECTRICA,,,2025-08-09,2,25000,2,12500,25000,REVIEW,HISTORICAL_PRODUCT_READY,HISTORICAL_PRODUCT_REQUIRED,99eddb918793db771364ddc27d75dd980db677c201e589104a45ce2d41b25091
Control de ventas,26,,sale,SECAPLATO,,,2025-08-09,1,29000,1,29000,29000,REVIEW,HISTORICAL_PRODUCT_READY,HISTORICAL_PRODUCT_REQUIRED,2cdaae4d6247fed44702984c46e373b91ac84cc3fc179079182c87de0cfd5e99
Control de ventas,27,,sale,VAPE IGNATE  V150,,,2025-08-19,1,29000,1,29000,29000,REVIEW,HISTORICAL_PRODUCT_READY,HISTORICAL_PRODUCT_REQUIRED,d6350a1577d01bb9f31ef5f96511b4ecc29fe96c2a11e8bc1ea0f8be7682832d
Control de ventas,28,,sale,PARLANTE JBL GO3,1a7fd59a-75ee-4255-9ae0-277b3be4bd2e,PARLANTE JBL GO3,2025-08-19,1,37168,1,37168,37168,INSERT,READY,"Fila válida, producto resuelto y pago documentado; candidata a venta histórica sin efecto de inventario.",16b84da683bbfcb0fcc552102938dc44166c729d9388298ce0084047bb55bb7b
Control de ventas,29,,sale,AIRPODS PRO 2,e73c5890-d0a0-4805-a558-cb3b7030ab30,AIRPODS PRO 2,2025-08-10,1,35000,1,35000,35000,INSERT,READY,"Fila válida, producto resuelto y pago documentado; candidata a venta histórica sin efecto de inventario.",e4cf7565c44e979d03d8bf91f8579af9fe5d4b3fbfd226f6562cb65989678aa5
Control de ventas,30,,sale,AURICULAR JBL HARMAN,92a1da75-72be-42ad-891f-753273b34460,AURICULAR JBL HARMAN,2025-08-10,1,35320,1,35320,35320,INSERT,READY,"Fila válida, producto resuelto y pago documentado; candidata a venta histórica sin efecto de inventario.",5fd8592b97d4107ce59d2f27ee220f230a1b822670f24c65204c30f9056185ca
Control de ventas,31,,sale,Dolce and Gabbana Light Blue 60ml,,,2025-09-07,1,15000,1,15000,15000,REVIEW,HISTORICAL_PRODUCT_READY,HISTORICAL_PRODUCT_REQUIRED,152ebc33d8091508ea9c27a0270c838198850cbac63c71286b0eaffc762146b4
Control de ventas,32,,sale,Asad Lattafa Masculino 100ml,bd7930a6-65c3-4e3b-b85f-1cb1b56d6835,LATTAFA ASAD,2025-09-07,1,45000,1,45000,45000,INSERT,READY,"Fila válida, producto resuelto y pago documentado; candidata a venta histórica sin efecto de inventario.",f9c28412c6312413156e65a5bc0ea201e8f7d9b2d7d6d5cf7f9cb797d684daa6
Control de ventas,33,,sale,ODYSSEY MANDARIN SKY,b93f703a-2a95-4167-b9ea-168c380456b3,ODYSSEY MANDARIN SKY,2025-10-01,1,58644,1,58644,58644,INSERT,READY,"Fila válida, producto resuelto y pago documentado; candidata a venta histórica sin efecto de inventario.",67de918548225e12b8212dc0a4e06b417105e9a2c28d0e7eb350bb059e9cc27f
Control de ventas,34,,sale,ODYSSEY MANDARIN SKYBOTELLA FLIP KENCHER 900ML,ea5850cf-f751-422e-96d1-ca255a1e80a6,BOTELLA FLIP KENCHER 900ML,2025-10-01,1,29000,1,29000,29000,INSERT,READY,"Fila válida, producto resuelto y pago documentado; candidata a venta histórica sin efecto de inventario.",ebf090d63dd853c38465073250e7b5575e7c1ca7a7c7d62b3531dffea9dd947e
Control de ventas,35,,sale,RASSASI HAWAS FOR HIM,7d334fd0-24b8-422a-a5bd-daa7de0e2947,RASSASI HAWAS FOR HIM,2025-10-15,1,49840,1,49840,49840,INSERT,READY,"Fila válida, producto resuelto y pago documentado; candidata a venta histórica sin efecto de inventario.",4bbaef9a66533764247af96bb69bce65eb451cd29ea48aa9af8976f77aeed348
Control de ventas,36,,sale,AIRPODS PRO 2,e73c5890-d0a0-4805-a558-cb3b7030ab30,AIRPODS PRO 2,2025-10-15,1,36000,1,36000,36000,REVIEW,POSSIBLE_DUPLICATE,DUPLICADO_POTENCIAL_FILAS_36_37,dacb9f3f11140b8436c4045623dc323d37c315c2cdd58cc4fbd3396f8438f6b0
Control de ventas,37,,sale,AIRPODS PRO 2,e73c5890-d0a0-4805-a558-cb3b7030ab30,AIRPODS PRO 2,2025-10-15,1,36000,1,36000,36000,REVIEW,POSSIBLE_DUPLICATE,DUPLICADO_POTENCIAL_FILAS_36_37,e4b91dfa29526a3268b1caba51d0759cbd24e915b2d20d29db0fb1be7fd8a9a7
Control de ventas,38,,sale,ODYSSEY MANDARIN SKY,b93f703a-2a95-4167-b9ea-168c380456b3,ODYSSEY MANDARIN SKY,2025-10-17,1,58000,1,58000,58000,INSERT,READY,"Fila válida, producto resuelto y pago documentado; candidata a venta histórica sin efecto de inventario.",7c1eb2040883de6dad56099697dcd496b83a4edfd25a13b8827a63b44fa32870
Control de ventas,39,,sale,Auriculares Inalámbricos In-Ear A6S,db40494d-a08b-4a96-9746-70d6a3ac518b,Auriculares Inalámbricos In-Ear A6S,2025-10-17,1,10000,1,10000,10000,INSERT,READY,"Fila válida, producto resuelto y pago documentado; candidata a venta histórica sin efecto de inventario.",b667635588c255d0218949247d47d8ff5f0fdbe5becfa93f3a2090d3cefd6f70
Control de ventas,40,,sale,Lattafa Musamam White Intense,540bdab9-469a-4c01-b122-e3c70557251f,Lattafa Musamam White Intense,2025-10-20,1,74787.5,1,77500,74787.5,REVIEW,TOTAL_REVIEW,TOTAL_INCONSISTENTE,35489f36ea35e3c4d016617dabc2bd98cf5e1a4048bf2fa972dfa7594f65f0ed
Control de ventas,41,,sale,BHARARA King,5b729e4c-e54e-4e59-985f-42e3ce60e30d,BHARARA King,2025-10-21,1,95700,1,95700,95700,INSERT,READY,"Fila válida, producto resuelto y pago documentado; candidata a venta histórica sin efecto de inventario.",3333ecfaf3979922268f983810a6c3155a29b18fc1ae9b56151d60dd974dd70f
Control de ventas,42,,sale,VAPE IGNATE  V150,,,2025-11-05,1,25000,1,25000,25000,REVIEW,HISTORICAL_PRODUCT_READY,HISTORICAL_PRODUCT_REQUIRED,1855eae59d0e94ebd0d0d9ecf5d7e0dfefa13e8692e19878dd939674619d422d
Control de ventas,43,,sale,BHARARA King Parfum,72917d13-012c-4ea2-a05a-7c324ef38b3c,BHARARA King Parfum,2025-11-22,1,100000,1,100000,100000,INSERT,READY,"Fila válida, producto resuelto y pago documentado; candidata a venta histórica sin efecto de inventario.",3594c1cc7ae7e37edf62cea28da6bca36f6735a364c4e618df99e27d06abb975
Control de ventas,44,,sale,TRAVEL MANIJA,a4a3caa7-6a02-40c9-9412-549e98492b12,TRAVEL MANIJA,2025-12-16,1,22800,1,22800,22800,INSERT,READY,"Fila válida, producto resuelto y pago documentado; candidata a venta histórica sin efecto de inventario.",bf20bd3808848cf7c1c3146e9a750f1df79f5e92a014186e6c0fb7ef372690c6
Control de ventas,45,,sale,TERMO MATESYSTEM,f88b4746-0c70-421e-920f-0e066ef18a38,TERMO MATESYSTEM,2025-12-18,1,35350,1,35350,35350,INSERT,READY,"Fila válida, producto resuelto y pago documentado; candidata a venta histórica sin efecto de inventario.",9a6c0f9058234569e975c68d7ac5b66d5e8107ac734f8768649542dde053da2f
Control de ventas,46,,sale,Lattafa Yara Tous,e53066cc-9c35-47e2-8d27-0fe5fb425ce8,Lattafa Yara Tous,2025-12-19,1,46750,1,46750,46750,INSERT,READY,"Fila válida, producto resuelto y pago documentado; candidata a venta histórica sin efecto de inventario.",812ea1faffa18424a4e8af17e12d34d5e9788e2704131dc1369104d1e617f810
Control de ventas,47,,sale,CABLE 20W IPHONE,20530c08-7371-4726-8a0e-0c5023e7d513,CABLE 20W IPHONE,2025-12-20,1,7000,1,7000,7000,INSERT,READY,"Fila válida, producto resuelto y pago documentado; candidata a venta histórica sin efecto de inventario.",418ec570f1bd25e9160c77dd3603699d6638733b531d7548464cea69f63d1335
Control de ventas,48,,sale,CABLE USB - C CARGA RAPIDA,d1abf544-2493-4dab-a769-53f9faa6c4be,CABLE USB - C CARGA RAPIDA,2025-12-21,2,7600,2,3800,7600,INSERT,READY,"Fila válida, producto resuelto y pago documentado; candidata a venta histórica sin efecto de inventario.",c572378d932245ef19b7915bffd86a01f63df52e162c64ccf63e522576891d02
Control de ventas,49,,sale,HOPPY BOTON 650ML,49d18c62-27bf-40a2-9c0e-8d2eada41759,HOPPY BOTON 650ML,2025-12-22,1,26600,1,26600,26600,INSERT,READY,"Fila válida, producto resuelto y pago documentado; candidata a venta histórica sin efecto de inventario.",abdc209e9e7d5a12ed81c05547eb9cc2f073250448f20a24518078eb5d3f91ce
Control de ventas,50,,sale,HOPPY BOTON 650ML,49d18c62-27bf-40a2-9c0e-8d2eada41759,HOPPY BOTON 650ML,2025-12-23,1,26600,1,26600,26600,INSERT,READY,"Fila válida, producto resuelto y pago documentado; candidata a venta histórica sin efecto de inventario.",806d0265fd747266d940cf16729f6939946e73d50ef0806d922a30629bd76083
Control de ventas,51,,sale,HOPPY BOTON 650ML,49d18c62-27bf-40a2-9c0e-8d2eada41759,HOPPY BOTON 650ML,2025-12-24,1,26600,1,26600,26600,INSERT,READY,"Fila válida, producto resuelto y pago documentado; candidata a venta histórica sin efecto de inventario.",1e6f937117f904ca4db7c7e564ff912891a88dc0a3f48bc0c99f99f0f567b01e
Control de ventas,52,,sale,Auriculares Inalámbricos In-Ear A6S,db40494d-a08b-4a96-9746-70d6a3ac518b,Auriculares Inalámbricos In-Ear A6S,2026-03-07,1,13500,1,13500,13500,INSERT,READY,"Fila válida, producto resuelto y pago documentado; candidata a venta histórica sin efecto de inventario.",6108b36e5a41e850425471064bac4321518f9983fe7f49c7e2da4b86f74d1edb
Control de ventas,53,,sale,VAPE IGNATE  V150,,,2026-03-07,1,25500,1,25500,25500,REVIEW,HISTORICAL_PRODUCT_READY,HISTORICAL_PRODUCT_REQUIRED,03d82ce787b7811569a3b57c0d208e745e288013d451b01fc88a9a8aa84ded7d
Control de ventas,54,,sale,Yerba organica Sante molienda fina 500g,2db3fb94-78ce-4ba3-b5f5-335c8a6d36c4,Yerba organica Sante molienda fina 500g,2026-03-10,1,3750,1,3750,3750,INSERT,READY,"Fila válida, producto resuelto y pago documentado; candidata a venta histórica sin efecto de inventario.",a0f4f6c44ad5b67e8d0d1804d0c5fb9b9e022c208243cdddb2d99b6a9d1c9fe9
Control de ventas,55,,sale,Yerba organica Sante molienda gruesa 1Kg,d2173255-1fa5-4432-8ccf-d55ecf0f93b8,Yerba organica Sante molienda gruesa 1Kg,2026-03-11,1,7500,1,7500,7500,INSERT,READY,"Fila válida, producto resuelto y pago documentado; candidata a venta histórica sin efecto de inventario.",bec42040a36f71118bfe86d60ae7915a4fe7f2fa22e8a3152cafda1e4f473e9e
Control de ventas,56,,sale,BHARARA King,5b729e4c-e54e-4e59-985f-42e3ce60e30d,BHARARA King,2026-03-12,1,93000,1,93000,93000,INSERT,READY,"Fila válida, producto resuelto y pago documentado; candidata a venta histórica sin efecto de inventario.",c905ead691dd61fce4c91d22ce1b6325b7089b224512aec07d12a1af54fdf2ad
Control de ventas,57,,sale,CARGADOR 3.8A  + CABLE TIPO C,f0f14dc6-8693-4670-aeab-42cc64732b0e,CARGADOR 3.8A  + CABLE TIPO C,2026-03-17,1,5800,1,5800,5800,INSERT,READY,"Fila válida, producto resuelto y pago documentado; candidata a venta histórica sin efecto de inventario.",eee2ed8451975674047051e8a3b801bbabbf6cf8016d79f02165ba8847533757
Control de ventas,58,,sale,Bombillón alpaca y bronce recto,7a76ef9b-c994-4b8d-81b4-525a0922835c,Bombillón alpaca y bronce recto,2026-03-22,1,27000,1,27000,27000,INSERT,READY,"Fila válida, producto resuelto y pago documentado; candidata a venta histórica sin efecto de inventario.",4a3794862e7d6a6f723ddbf80d5c8f5b322c951c474f0c90636948dd9a4301c4
Control de ventas,59,,sale,Bombillón alpaca y bronce recto,7a76ef9b-c994-4b8d-81b4-525a0922835c,Bombillón alpaca y bronce recto,2026-03-22,1,27000,1,27000,27000,INSERT,READY,"Fila válida, producto resuelto y pago documentado; candidata a venta histórica sin efecto de inventario.",4a345df68fb29054b2a2d5d9d82fd0bbc8c20952e15250a436939daa680eec96
Control de ventas,60,,sale,Mate Camionero virola alpaca cincelada con apliques de bronce,d4d1925f-333b-449d-b419-c0024e91397e,Mate Camionero virola alpaca cincelada con apliques de bronce,2026-03-22,1,28000,1,28000,28000,INSERT,READY,"Fila válida, producto resuelto y pago documentado; candidata a venta histórica sin efecto de inventario.",9f9c6ad973f027a87f792d4533e4272604799b99c751f4b57fed5dc8aba7ed73
Control de ventas,61,,sale,Decant hawas fire,f91c4caa-32bb-4450-8a87-25422095257b,Decant hawas fire,2026-03-22,1,13000,1,13000,13000,INSERT,READY,"Fila válida, producto resuelto y pago documentado; candidata a venta histórica sin efecto de inventario.",411f36389d94d4a82d207872967f267498607837dc8cd8d8b54a8e23661a9ed3
Control de ventas,62,,sale,Elfbar BC 15k,,,2026-03-25,1,27000,1,27000,27000,REVIEW,HISTORICAL_PRODUCT_READY,HISTORICAL_PRODUCT_REQUIRED,6055711d2d891f7af597c39ce3ecd4fe9b7ad1ef1a8cdcb2759d36ac5daeff56
Control de ventas,63,,sale,CABLE 20W IPHONE,20530c08-7371-4726-8a0e-0c5023e7d513,CABLE 20W IPHONE,2025-12-01,1,7000,1,7000,7000,INSERT,READY,"Fila válida, producto resuelto y pago documentado; candidata a venta histórica sin efecto de inventario.",e3d73dbab1db3b6619bc7e548464fe614da46f45e95dc6da8e5b8b4e2e54e904
Control de ventas,64,,sale,Lattafa Pride Nebras,1354e3bc-2fa3-486d-a43a-d38da696f160,Lattafa Pride Nebras,2026-04-07,1,63500,1,63500,63500,INSERT,READY,"Fila válida, producto resuelto y pago documentado; candidata a venta histórica sin efecto de inventario.",caa2d5c42b5f5910a13b8d5531953f7b2c3c2ed368f1a4eddd0c4135fed35691
Control de ventas,65,,sale,Despolvillador,e53a64ad-8e1d-452f-9025-53d940215082,Despolvillador,2026-04-06,1,8000,1,8000,8000,INSERT,READY,"Fila válida, producto resuelto y pago documentado; candidata a venta histórica sin efecto de inventario.",a520780cbd352e70e84af4c1ada4c8285e9e726ca31b31d96293e4234b5309c1
Control de ventas,66,,sale,Lattafa Qaed Al Fursan,1a0e151a-fe10-4276-9b0e-a3db50759c41,Lattafa Qaed Al Fursan,2026-04-08,1,41993,1,41993,41993,INSERT,READY,"Fila válida, producto resuelto y pago documentado; candidata a venta histórica sin efecto de inventario.",352d90e5ed55d297bc33c6e1e9aaa42f9dabc02a7a8b068bc6efbabbb420d77f
Control de ventas,67,,sale,Elfbar BC 15k,,,2026-04-08,1,27000,1,27000,27000,REVIEW,HISTORICAL_PRODUCT_READY,HISTORICAL_PRODUCT_REQUIRED,205c6482741cffe30b4f883a0ac23e0c4cbd551b86b86c41dc611f0d93e424b2
Control de ventas,68,,sale,TRAVEL MANIJA,a4a3caa7-6a02-40c9-9412-549e98492b12,TRAVEL MANIJA,2026-04-08,1,28000,1,28000,28000,INSERT,READY,"Fila válida, producto resuelto y pago documentado; candidata a venta histórica sin efecto de inventario.",f9ccc88e251a69d35ec6f017b6845d84b5effc7bf48970dd4c13a8d14e596bfa
Control de ventas,69,,sale,PHILOS PURA - 100ML,4d1af887-4b48-4be4-82e1-c0d9effb1a30,PHILOS PURA - 100ML,2026-04-09,1,53000,1,53000,53000,INSERT,READY,"Fila válida, producto resuelto y pago documentado; candidata a venta histórica sin efecto de inventario.",0f86356da0228ba8f694aefae5fa7a3ffa8c86cfe67a3edf8f47692b39b3ef95
Control de ventas,70,,sale,Despolvillador,e53a64ad-8e1d-452f-9025-53d940215082,Despolvillador,2026-04-09,1,8000,1,8000,8000,REVIEW,POSSIBLE_DUPLICATE,DUPLICADO_POTENCIAL_FILAS_70_71,388e195bf805031c8973fd2151aba889ec2b55bcb8ffa84a1adc7ae7d4f3ab6f
Control de ventas,71,,sale,Despolvillador,e53a64ad-8e1d-452f-9025-53d940215082,Despolvillador,2026-04-09,1,8000,1,8000,8000,REVIEW,POSSIBLE_DUPLICATE,DUPLICADO_POTENCIAL_FILAS_70_71,cc9ec19653900d957b94a8b44e0d8f9fb92d6cba3b9b270eb3200c3ce7a9a089
Control de ventas,72,,sale,CARGADOR 3.8A  + CABLE TIPO C,f0f14dc6-8693-4670-aeab-42cc64732b0e,CARGADOR 3.8A  + CABLE TIPO C,2026-04-11,1,5900,1,5900,5900,INSERT,READY,"Fila válida, producto resuelto y pago documentado; candidata a venta histórica sin efecto de inventario.",96f61e7e392f6619de18b411dd7391fa9d03a9b1d240ed03c647a302f7614f7f
Control de ventas,73,,sale,Mate Imperial algarrobo con grabado RIVER PLATE,19fba313-0653-4d9c-9e1a-f62a46652bf5,Mate Imperial algarrobo con grabado RIVER PLATE,2026-04-11,1,31100,1,31100,31100,INSERT,READY,"Fila válida, producto resuelto y pago documentado; candidata a venta histórica sin efecto de inventario.",c793cb1401c1285c223a0d114175439b3ef31ae6319e7f4ebf34c5106db7354f
Control de ventas,74,,sale,Decant hawas malibu,0be4f17b-4888-466f-ad13-3643a645f730,Decant hawas malibu 5ml,2026-04-13,1,11670,1,11670,11670,INSERT,READY,"Fila válida, producto resuelto y pago documentado; candidata a venta histórica sin efecto de inventario.",074856cbeb05cfa8cd2504652336cab95ce29ee93f10de7320af8f5318ac19c4
Control de ventas,75,,sale,Decant liquid brun,8ca47237-b9ae-4720-a8be-043ecd104ed7,Decant liquid brun,2026-04-14,1,11670,1,11670,11670,INSERT,READY,"Fila válida, producto resuelto y pago documentado; candidata a venta histórica sin efecto de inventario.",7d6f1385fd6d032c008f7980425f0d94170ac85a0c1c2569ff07906184ae41a7
Control de ventas,76,,sale,Decant Art of universe,360eb933-9dda-4dff-81cb-dcfc3d293484,Decant Art of universe,2026-04-14,1,11670,1,11670,11670,INSERT,READY,"Fila válida, producto resuelto y pago documentado; candidata a venta histórica sin efecto de inventario.",c46ab3217c91fe657b48513c3f80e2b5f65ab1fae4b7fd21d38a558633d73b9e
Control de ventas,77,,sale,Bombillon Premium,ac173fed-a2b0-43b9-9d05-36b7ebdcf902,Bombillon Premium,2026-04-16,1,33442.5,1,33442.5,33442.5,INSERT,READY,"Fila válida, producto resuelto y pago documentado; candidata a venta histórica sin efecto de inventario.",66adcf8fe2ec655aca633ed2e8ace68ebcfdbc4fd02900d13bd769718eb7df7f
Control de ventas,78,,sale,Bombilla plana stanley,4615e2d5-1659-4224-a437-ad598b6510d5,BOMBILLAS,2026-04-16,1,5000,1,5000,5000,INSERT,READY,"Fila válida, producto resuelto y pago documentado; candidata a venta histórica sin efecto de inventario.",c3675c1ec14268bbd90428c49572878d4749e48fedcc1e7db57e921d6a48bf36
Control de ventas,79,,sale,Termo media manija negro 1L,b223e3e9-3bb6-4da9-8a62-a03a4fd994e0,Termo media manija negro 1L,2026-04-16,1,27900,1,27900,27900,REVIEW,POSSIBLE_DUPLICATE,DUPLICADO_POTENCIAL_FILAS_79_82,13711da95c4270fb0b1ddc61fb549fc6df273441c7a520c9fbcfc4b5734a36da
Control de ventas,80,,sale,Imperial cuero liso virola en acero y bronce con bolitas,9c05ba0b-731a-4701-80e6-450c1a4552fb,Mate Imperial cuero liso virola acero y bronce con botitas,2026-04-16,1,41650,1,41650,41650,INSERT,READY,"Fila válida, producto resuelto y pago documentado; candidata a venta histórica sin efecto de inventario.",8f938010d7961ca65a5250257da23df8081669a3b6fa17a95338400ee81a3465
Control de ventas,81,,sale,Mate Algarrobo Acrílico,5c0709ee-5299-433f-af37-628d4efa09ff,Mate Algarrobo Acrilico,2026-04-16,1,23990,1,23990,23990,INSERT,READY,"Fila válida, producto resuelto y pago documentado; candidata a venta histórica sin efecto de inventario.",33bb2f3660aa718df00445b1bfb501616cb776ea31ac2ecba6a268065e7b1b27
Control de ventas,82,,sale,Termo media manija negro 1L,b223e3e9-3bb6-4da9-8a62-a03a4fd994e0,Termo media manija negro 1L,2026-04-16,1,27900,1,27900,27900,REVIEW,POSSIBLE_DUPLICATE,DUPLICADO_POTENCIAL_FILAS_79_82,8cd2c7f4fa1784c1c46beaba1481425d161067067e6efb90ee5c54966abc0721
Control de ventas,83,,sale,"COMBO CABEZAL Y CABLE 20W	 
REPLICA AAA",1e6c42e4-08af-4ed7-ad01-95fb22e13c4a,"COMBO CABEZAL Y CABLE 20W	 
REPLICA AAA",2026-04-24,1,27000,1,27000,27000,INSERT,READY,"Fila válida, producto resuelto y pago documentado; candidata a venta histórica sin efecto de inventario.",25fed53ad33ef0b6f4a2c1efd53ffe54d357ca1afa91ab6abf3b4b50e4e43d76
Control de ventas,84,,sale,Bombilla pico de loro larga,01e900a4-515c-43eb-9ebd-b64387d985af,Bombilla pico de loro larga,2026-04-25,1,6000,1,6000,6000,INSERT,READY,"Fila válida, producto resuelto y pago documentado; candidata a venta histórica sin efecto de inventario.",779c81c5b37b782a628bdc9cb0553e0f254b4fa1436bffbe3579566145f72a46
Control de ventas,85,,sale,Elfbar BC 15k,,,2026-04-27,1,27000,1,27000,27000,REVIEW,HISTORICAL_PRODUCT_READY,HISTORICAL_PRODUCT_REQUIRED,17620ee2a41030aee55cbe2983c289d906ef3053b6a31d3f3ff535d3ed23133a
Control de ventas,86,,sale,Odyssey Mega,68c61d33-eb0e-4078-85fd-4481f7856451,Odyssey Mega,2026-05-02,1,55456,1,55456,55456,INSERT,READY,"Fila válida, producto resuelto y pago documentado; candidata a venta histórica sin efecto de inventario.",56caf35405bfc7b31266dc3809d2bd2f4370f8fb532c0e808bad4ec6967e2a44
Control de ventas,87,,sale,CONFIDENTIAL GOLD - 100M,7d2416cf-c123-4040-8617-1fb75de38e6e,CONFIDENTIAL GOLD - 100M,2026-05-09,1,57150,1,57150,57150,INSERT,READY,"Fila válida, producto resuelto y pago documentado; candidata a venta histórica sin efecto de inventario.",235c6a991d31db8e67df267ee3738cd3dfaefcd87a5dbd9489bd529288b219b2
Control de ventas,88,,sale,VAPE IGNATE  V150,,,2026-05-09,1,25000,1,25000,25000,REVIEW,HISTORICAL_PRODUCT_READY,HISTORICAL_PRODUCT_REQUIRED,f408f92bedb43367dab038a44486bae67fe18a941915c7afb15067ffe2e2c7f8
Control de ventas,89,,sale,Elfbar BC 15k,,,2026-05-09,1,27000,1,27000,27000,REVIEW,HISTORICAL_PRODUCT_READY,HISTORICAL_PRODUCT_REQUIRED,a4192fb5a4dca93f58a305c1c8d540d9a7817eaec34dbe4275e94642a7564b38
Control de ventas,90,,sale,Canasta simil cuero,4d304204-8569-464a-b856-29a84bdee6c8,Canasta simil cuero,2026-05-13,1,19500,1,19500,19500,INSERT,READY,"Fila válida, producto resuelto y pago documentado; candidata a venta histórica sin efecto de inventario.",ad9adaa21d244c752f22c4ded51c9865b893c1a2f9b953e72031b51e304b4c6b
Control de ventas,91,,sale,Decant Bharara king,1e899cee-6a4b-4edf-bf22-941952ff79af,Decant Bharara king,2026-05-13,1,11670,1,11000,11670,REVIEW,TOTAL_REVIEW,TOTAL_INCONSISTENTE,60cccba63faa0485ac7bdc7079853d5cdd9cbe06a47d0214cd1c2fa5dadf1481
Control de ventas,92,,sale,Decant dubai nigth,64e60fa7-4bc9-4fbb-a401-d57821edc72b,Decant dubai nigth,2026-05-13,1,11670,1,11000,11670,REVIEW,TOTAL_REVIEW,TOTAL_INCONSISTENTE,efaae481245aef5e99e9c5fe1db49de5dd03fcce65f1c642b51634ae6c78a0c6
Control de ventas,93,,sale,Decant 9 pm elixir,e0d493ea-6aa8-4127-8199-f171e829dda1,Decant 9 pm elixir,2026-05-13,1,11670,1,11000,11670,REVIEW,TOTAL_REVIEW,TOTAL_INCONSISTENTE,8c0f7aec7a997e3d56bef8c06b78aa6fb84a158a40da185b521acdf73dfb72d0
Control de ventas,94,,sale,"COMBO CABEZAL Y CABLE 20W	 
REPLICA AAA",1e6c42e4-08af-4ed7-ad01-95fb22e13c4a,"COMBO CABEZAL Y CABLE 20W	 
REPLICA AAA",2026-05-13,1,18250,1,18250,18250,INSERT,READY,"Fila válida, producto resuelto y pago documentado; candidata a venta histórica sin efecto de inventario.",82bfce5a1e77c91828f18f7f528c825cddee5a596135f779a61fd163e59599fa
Control de ventas,95,,sale,LATTAFA KHAMRAH - 100ML,aa3a931a-ef24-40b9-b65b-d2e2acd87a2b,LATTAFA KHAMRAH - 100ML,2026-05-15,1,65000,1,65000,65000,INSERT,READY,"Fila válida, producto resuelto y pago documentado; candidata a venta histórica sin efecto de inventario.",55e01848276d43ac0d41537488c862049140a3396170c455a3e48d7edeca9d74
Control de ventas,96,,sale,AURICULAR JBL HARMAN,92a1da75-72be-42ad-891f-753273b34460,AURICULAR JBL HARMAN,2026-05-23,1,29000,1,29000,29000,INSERT,READY,"Fila válida, producto resuelto y pago documentado; candidata a venta histórica sin efecto de inventario.",f7a25644f96659b2fa614daa198ad8d32bb7663c6e6d955af125e8893d45b293
Control de ventas,97,,sale,AIRPODS PRO 2,e73c5890-d0a0-4805-a558-cb3b7030ab30,AIRPODS PRO 2,2026-05-23,1,31300,1,31300,31300,INSERT,READY,"Fila válida, producto resuelto y pago documentado; candidata a venta histórica sin efecto de inventario.",4665e308b119222e615e10d5cb4ec77ce4bbb287380aaeca41041a20bb8fc0f8
Control de ventas,98,,sale,Termo de acero negro,cd5debfb-af46-45a5-9c20-ecf6bbb27c53,Termo de acero negro,2026-06-10,1,28000,1,28000,28000,INSERT,READY,"Fila válida, producto resuelto y pago documentado; candidata a venta histórica sin efecto de inventario.",46fbbb21c432930f58f08b0163e4a0def5cfa5f3a90192c8e9f39ad67c129b93
Control de ventas,99,,sale,VAPE IGNATE  V150,,,2026-06-09,1,30800,1,30800,30800,REVIEW,HISTORICAL_PRODUCT_READY,HISTORICAL_PRODUCT_REQUIRED,543ed2dadfb34fa244a5fd06c61792a2190636ca5a67c8ed004fcba8dfb693d6
Control de ventas,100,,sale,VAPE IGNATE  V151,,,2026-06-10,1,30800,1,30800,30800,REVIEW,HISTORICAL_PRODUCT_READY,HISTORICAL_PRODUCT_REQUIRED,4c8f8bda24ebac3135fbdf3bc6a8dbb852697384456ef64845d0ad0a6ea61435
Control de ventas,101,,sale,Camiseta ARGENTINA TAILANDESA,b46e57f6-73f3-41c7-b1a7-4606c7e9ee13,Camiseta ARGENTINA TAILANDESA,2026-06-11,1,45000,1,45000,45000,INSERT,READY,"Fila válida, producto resuelto y pago documentado; candidata a venta histórica sin efecto de inventario.",2d22189aeaf7f717046c20c1e951f6edebfe07d91eddcd5d069878e9cd187fad
Control de ventas,102,,sale,Camiseta ARGENTINA Bordada,55569c44-0777-491c-9c9a-04dc621c3685,Camiseta ARGENTINA BORDADA,2026-06-13,1,36000,1,36000,36000,INSERT,READY,"Fila válida, producto resuelto y pago documentado; candidata a venta histórica sin efecto de inventario.",301c7b5ac50f2fb55f60dcaddc2d68d48cead916c451cf697cba6a20c8e1ec75
Control de ventas,103,,sale,Imperial Algarrobo Acero + Bombilla pico de loro,,,2026-06-13,1,32500,1,32500,32500,REVIEW,HISTORICAL_PRODUCT_READY,HISTORICAL_PRODUCT_REQUIRED,10dbc0492852b644b3570444a621d8ff4f595384ea043c65590ea052df948bd8
Control de ventas,104,,sale,Termo media manija negro 1L,b223e3e9-3bb6-4da9-8a62-a03a4fd994e0,Termo media manija negro 1L,2026-06-15,1,29000,1,29000,29000,INSERT,READY,"Fila válida, producto resuelto y pago documentado; candidata a venta histórica sin efecto de inventario.",fa91b7ed1353036b224ef8e67096da01a16546dbac4875c182ac6bb04a8c63d0
Control de ventas,105,,sale,Lattafa Yara Tous,e53066cc-9c35-47e2-8d27-0fe5fb425ce8,Lattafa Yara Tous,2026-06-15,1,51000,1,51000,51000,INSERT,READY,"Fila válida, producto resuelto y pago documentado; candidata a venta histórica sin efecto de inventario.",a2ff58ad91a6037322d52deda12b2b2d345f6242b65bb3e135798eeef1b2b9fe
Control de ventas,106,,sale,LATTAFA ASAD,bd7930a6-65c3-4e3b-b85f-1cb1b56d6835,LATTAFA ASAD,2026-06-29,1,61500,1,61500,61500,INSERT,READY,"Fila válida, producto resuelto y pago documentado; candidata a venta histórica sin efecto de inventario.",77a5fc739ef2b086a075433d074a12fbf058786cdc7fb18fefc5b365930ac9e4
Control de ventas,107,,sale,TERMO STANLEY Verde,cb2f395b-d009-4358-9678-f5c892bc5c4d,TERMO STANLEY,2026-06-27,1,29250,1,29250,29250,INSERT,READY,"Fila válida, producto resuelto y pago documentado; candidata a venta histórica sin efecto de inventario.",cc8e9345e74117c71e60edfeb8d6d08173b746948178b51944ac0f0f0f00d12e
Control de ventas,108,,sale,Termo de acero negro,cd5debfb-af46-45a5-9c20-ecf6bbb27c53,Termo de acero negro,2026-06-26,1,29000,1,29000,29000,INSERT,READY,"Fila válida, producto resuelto y pago documentado; candidata a venta histórica sin efecto de inventario.",43fb0e39fc977d0e73d9fa48a7bf67b753e8280b99f42c70b2a81dbc0c542463
Control de ventas,109,,sale,Decant 9 AM,39dc1190-b773-4430-9bb8-9fb37cce1a21,Decant 9 AM,2026-06-27,1,0,1,0,0,INVALID,INVALID,PRECIO_INVALIDO|TOTAL_INVALIDO,5e97f526a9bc277b853543d18d9e43de3b345bfda0f3ca2d77a01b6f597d1e90
Control de ventas,110,,sale,Decant Club de nuit iconic,7ccfd5dc-8ce3-4a93-9d15-9e99748f1944,Decant Club de nuit iconic,2026-06-27,1,0,1,0,0,INVALID,INVALID,PRECIO_INVALIDO|TOTAL_INVALIDO,0f4df3d6e13ae8cba4270059a6c25dfa9494c4fe885370b9decb36acfa7f0960
Control de ventas,111,,sale,Imperial Con Refuerzo Alpaca Y Base De Bolitasperial + Bombilla Pico de Loro,,,2026-06-30,1,24500,1,24500,24500,REVIEW,HISTORICAL_PRODUCT_READY,HISTORICAL_PRODUCT_REQUIRED,adabc356a5e3b97a4ba7dc2ecefa98fe99fd2cb88be70ba013a07cb048529206
Control de ventas,112,,sale,Yerba organica Sante molienda gruesa 500g,833a8d5f-cbe9-48b7-b8f2-2545dda9a0f3,Yerba organica Sante molienda gruesa 500g,2026-06-30,1,5200,1,5200,5200,INSERT,READY,"Fila válida, producto resuelto y pago documentado; candidata a venta histórica sin efecto de inventario.",2e93b52761fbd40835f3dcfb3e8ad7752e7d419beb328b882c0c8ec1fa51d7ec
Control de ventas,113,,sale,"COMBO CABEZAL Y CABLE 20W	 
REPLICA AAA",1e6c42e4-08af-4ed7-ad01-95fb22e13c4a,"COMBO CABEZAL Y CABLE 20W	 
REPLICA AAA",2026-07-01,1,18000,1,18000,18000,INSERT,READY,"Fila válida, producto resuelto y pago documentado; candidata a venta histórica sin efecto de inventario.",45667ec8aca0ea31644c62d4a0523acf48ef8bf3f8cadb4fc7beb2083303ac61
Control de ventas,114,,sale,BOX LOS SIMPSON,edb4b664-5da6-489c-94c1-b0d1deb88232,BOX LOS SIMPSON,2026-07-15,1,36000,1,36000,36000,INSERT,READY,"Fila válida, producto resuelto y pago documentado; candidata a venta histórica sin efecto de inventario.",506aedebfae1227bf9908971d1aea65475b32d59a11684553219143278a8b334
Control de ventas,115,,sale,Termo pico system,5585ed23-1d19-40b0-a443-81953a999e9c,Termo Pico System,2026-07-24,1,35000,1,35000,35000,INSERT,READY,"Fila válida, producto resuelto y pago documentado; candidata a venta histórica sin efecto de inventario.",3094b1c83495137a30ef8580a6ff0f2e11d51a301f8120a0dae4a1dcc4685e58
Control de ventas,116,,sale,Termo pico system,5585ed23-1d19-40b0-a443-81953a999e9c,Termo Pico System,2026-07-24,1,31500,1,31500,31500,INSERT,READY,"Fila válida, producto resuelto y pago documentado; candidata a venta histórica sin efecto de inventario.",59b3e04f092f57665a65c5549fd97689b0a3af9cc131f97b4578ea5db1bb2245
Control de ventas,117,,sale,CABLE 20W IPHONE,20530c08-7371-4726-8a0e-0c5023e7d513,CABLE 20W IPHONE,2026-07-24,1,9000,1,9000,9000,INSERT,READY,"Fila válida, producto resuelto y pago documentado; candidata a venta histórica sin efecto de inventario.",9159efac220aa902d6c141de200b6ddb0678494b45b6a4e07af0023236ec154f
Control de ventas,118,,sale,Termo media manija negro 1L,b223e3e9-3bb6-4da9-8a62-a03a4fd994e0,Termo media manija negro 1L,2026-07-27,1,29100,1,29100,29100,INSERT,READY,"Fila válida, producto resuelto y pago documentado; candidata a venta histórica sin efecto de inventario.",6381d41df20a90ec4110e81c9ba0f789273628f7341ec9615586b0c9c262dcd8
Control de ventas,119,,sale,TERMO STANLEY,cb2f395b-d009-4358-9678-f5c892bc5c4d,TERMO STANLEY,2026-07-27,1,29500,1,29500,29500,INSERT,READY,"Fila válida, producto resuelto y pago documentado; candidata a venta histórica sin efecto de inventario.",f653c661647c1cd74bc867e7def1acc8ffce2a82e376678bba945e611b2421d6
Control de ventas,120,,sale,BOTELLA FLIP KENCHER 900ML,ea5850cf-f751-422e-96d1-ca255a1e80a6,BOTELLA FLIP KENCHER 900ML,2026-07-29,1,31000,1,31000,31000,INSERT,READY,"Fila válida, producto resuelto y pago documentado; candidata a venta histórica sin efecto de inventario.",117a06a44192fcb99afec402cc6179b51f89438d82e895e796471f3f61883e2f
Control de ventas,121,,sale,Desodorante Asad,,,2026-07-31,1,33000,1,33000,33000,REVIEW,HISTORICAL_PRODUCT_READY,HISTORICAL_PRODUCT_REQUIRED,ead6dd3a59b436ce0c627d2faa21a3ccbfe67e448ce0c596ca44207f15ac9a6e
Control de ventas,122,,sale,"COMBO CABEZAL Y CABLE 20W	 
REPLICA AAA",1e6c42e4-08af-4ed7-ad01-95fb22e13c4a,"COMBO CABEZAL Y CABLE 20W	 
REPLICA AAA",2026-07-31,1,20000,1,20000,20000,INSERT,READY,"Fila válida, producto resuelto y pago documentado; candidata a venta histórica sin efecto de inventario.",4dfd981953b50b9dbe8e4e22dbb037d00b22e4377f09c2c7462e722bfc065fd1
Control de ventas,123,,sale,Mate Camionero Harry Potter,d6d024ff-1804-4be5-838b-8f7af9ca363d,Mate Camionero Harry Potter,2026-08-04,1,26700,1,26700,26700,INSERT,READY,"Fila válida, producto resuelto y pago documentado; candidata a venta histórica sin efecto de inventario.",043f8a31017f4b9ba6d358ef400469ecf7b355fc40ac2db851507ee55e65a5bf
Control de ventas,124,,sale,Canasta matera 100% cuero,3e33942f-1d42-4b03-b30d-97da131b2cba,Canasta matera 100% cuero,2026-08-18,1,37000,1,37000,37000,INSERT,READY,"Fila válida, producto resuelto y pago documentado; candidata a venta histórica sin efecto de inventario.",8036f93adcefbb6e84ef8e05d553a5789a732c1e65ad3be1a806a8e0d27dc857
Control de ventas,125,,sale,CABLE USB - C CARGA RAPIDA,d1abf544-2493-4dab-a769-53f9faa6c4be,CABLE USB - C CARGA RAPIDA,2026-08-20,1,6500,1,6500,6500,INSERT,READY,"Fila válida, producto resuelto y pago documentado; candidata a venta histórica sin efecto de inventario.",5497c1d746e284df160d82736a282b1fd1fc7e778523841a563f5a94fa44466f
Control de ventas,126,,sale,Termo pico system,5585ed23-1d19-40b0-a443-81953a999e9c,Termo Pico System,2026-09-04,1,35000,1,35000,35000,INSERT,READY,"Fila válida, producto resuelto y pago documentado; candidata a venta histórica sin efecto de inventario.",397e5909728fb939ccea8a7b8784ede6fcdf3262b74b7f6227cccf76cf6e46dd
Control de ventas,127,,sale,Imperial Algarrobo Acero + Bombilla pico de loro,,,2026-09-04,1,32500,1,32500,32500,REVIEW,HISTORICAL_PRODUCT_READY,HISTORICAL_PRODUCT_REQUIRED,e76db2ece3800c1962e554d10cb8d32841d40201b88b25321f160a5b0b602cb6
Control de ventas,128,,sale,Club de Nuit Intense Man,631dc501-2496-4c4f-9900-b0b14fbd19d2,Club de Nuit Intense Man,2026-09-04,1,81675,1,81675,81675,INSERT,READY,"Fila válida, producto resuelto y pago documentado; candidata a venta histórica sin efecto de inventario.",6a99eb555738a0e5fa9c25904e1034409493f3251b33ad129c9dc9d026344799
Control de ventas,129,,sale,LA VIVACITE INTESA - 100ML,147395ec-1a0b-4f54-9904-f27d2a88f12f,LA VIVACITE INTESA - 100ML,2026-09-08,1,58650,1,58650,58650,INSERT,READY,"Fila válida, producto resuelto y pago documentado; candidata a venta histórica sin efecto de inventario.",e57138d60f072ec45b9ee1900a6ef27871248319b8f8cbe652a4bf2e4eb276e3
Control de ventas,130,,sale,AIRPODS PRO 2,e73c5890-d0a0-4805-a558-cb3b7030ab30,AIRPODS PRO 2,2026-09-12,1,39000,1,39000,39000,INSERT,READY,"Fila válida, producto resuelto y pago documentado; candidata a venta histórica sin efecto de inventario.",2221cc11d37063244f6e6159ce1f1a7bb201bb9ffac7ccbfcbe1fec528556659
Control de ventas,131,,sale,Box Presentación,da8d3743-3ee5-4210-a387-49e4f87e9ec9,Box Presentación,2026-09-23,1,15000,1,15000,15000,INSERT,READY,"Fila válida, producto resuelto y pago documentado; candidata a venta histórica sin efecto de inventario.",300245f85035501e4643fb7f82e6f7af2a22cdfc7a3d1f201e8f6710714b668b
Control de ventas,132,,sale,Mate Imperial virola alpaca cincelada premium,4f4d04b7-f869-4b24-8cb4-9817c9d2ccef,Mate Imperial virola alpaca cincelada premium,2026-09-23,1,29750,1,29750,29750,INSERT,READY,"Fila válida, producto resuelto y pago documentado; candidata a venta histórica sin efecto de inventario.",c47a6bcb67eaa29e2d83a05be11768ccd30326c429a39ba55e8bdd4401e8ca09
Control de compras,2,,purchase,Botella Térmica BOTELLAS STANLEY 650ML,bdd20c4c-f7fc-45a3-95bf-0021e4a013e1,Botella Térmica BOTELLAS STANLEY 650ML,2025-06-20,5,110000,5,22000,110000,INSERT,READY,Fila válida y producto resuelto; candidata a compra histórica sin proveedor y sin efecto de inventario/costo.,ef6912665cef632509a33586f56cb773f50e9fbede553a90c3558b8776ecc057
Control de compras,3,,purchase,PARLANTE JBL GO3,1a7fd59a-75ee-4255-9ae0-277b3be4bd2e,PARLANTE JBL GO3,2025-06-20,5,80800,5,16160,80800,INSERT,READY,Fila válida y producto resuelto; candidata a compra histórica sin proveedor y sin efecto de inventario/costo.,38aa352b6f7eaacd97f788952d6ae0dd32ea60b6632eaa7f8532bdce4971d3b2
Control de compras,4,,purchase,AURICULAR JBL HARMAN,92a1da75-72be-42ad-891f-753273b34460,AURICULAR JBL HARMAN,2025-06-20,5,88300,5,17660,88300,INSERT,READY,Fila válida y producto resuelto; candidata a compra histórica sin proveedor y sin efecto de inventario/costo.,9ea231f8dd6a8dc1fd1638626b48e92f2a48d9e89bbd44cbc9a63f9c44badc27
Control de compras,5,,purchase,Vaper Ignite V150,,,2025-06-20,15,255000,15,17000,255000,REVIEW,HISTORICAL_PRODUCT_READY,HISTORICAL_PRODUCT_REQUIRED,0ee54c5492b87472165500a756c06c64a0867275baea4307cfd56b8de19dabb5
Control de compras,6,,purchase,VAPE ELFBAR 30K,,,2025-06-20,15,272490,15,18166,272490,REVIEW,HISTORICAL_PRODUCT_READY,HISTORICAL_PRODUCT_REQUIRED,4240de5e4d3a4a4b134ef5b35e9b0b1ba8a69cd69157f9d0e7157387b795421e
Control de compras,7,,purchase,HOPPY BOTON 650ML,49d18c62-27bf-40a2-9c0e-8d2eada41759,HOPPY BOTON 650ML,2025-06-20,3,42000,3,14000,42000,INSERT,READY,Fila válida y producto resuelto; candidata a compra histórica sin proveedor y sin efecto de inventario/costo.,b6cf7f5865453d85ce723c84ee1afe3b2287a9fe51b2e26e3794c4b6b30d4f2d
Control de compras,8,,purchase,HOPPY BOTON 900ML,f13333dd-990d-4f13-a094-b0e8b93d404f,HOPPY BOTON 900ML,2025-06-20,3,45000,3,15000,45000,INSERT,READY,Fila válida y producto resuelto; candidata a compra histórica sin proveedor y sin efecto de inventario/costo.,d11a5f5c688befa085a5bbe72c42d27615908f20e269ba303f596a59a6320599
Control de compras,9,,purchase,TRAVEL MANIJA,a4a3caa7-6a02-40c9-9412-549e98492b12,TRAVEL MANIJA,2025-06-20,3,45600,3,15200,45600,INSERT,READY,Fila válida y producto resuelto; candidata a compra histórica sin proveedor y sin efecto de inventario/costo.,60e7b8a459adfd81470f84b794f5e0874802a9ac2e2b1d1da293c7d3c955248f
Control de compras,10,,purchase,TERMO MATESYSTEM,f88b4746-0c70-421e-920f-0e066ef18a38,TERMO MATESYSTEM,2025-06-20,3,60600,3,20200,60600,INSERT,READY,Fila válida y producto resuelto; candidata a compra histórica sin proveedor y sin efecto de inventario/costo.,1f984dc9f147a2f76c5da82c4bb6ba5a63c2abe10e35b2dd583d6266d2288635
Control de compras,11,,purchase,AIRPODS PRO 2,e73c5890-d0a0-4805-a558-cb3b7030ab30,AIRPODS PRO 2,2025-06-20,5,78414.5,5,15682.9,78414.5,INSERT,READY,Fila válida y producto resuelto; candidata a compra histórica sin proveedor y sin efecto de inventario/costo.,81532bbcb3fe0120b23d1681b23378c5ee2a540640e64b93c07df77d92264510
Control de compras,12,,purchase,BOTELLA FLIP KENCHER 900ML,ea5850cf-f751-422e-96d1-ca255a1e80a6,BOTELLA FLIP KENCHER 900ML,2025-06-20,5,95000,5,19000,95000,INSERT,READY,Fila válida y producto resuelto; candidata a compra histórica sin proveedor y sin efecto de inventario/costo.,b0e2db553d5708f0de3ead619ec456e60a61fabd7c5a8369fbecb51418247e01
Control de compras,13,,purchase,Bombillas Plana,4615e2d5-1659-4224-a437-ad598b6510d5,BOMBILLAS,2025-06-20,10,37000,10,3700,37000,INSERT,READY,Fila válida y producto resuelto; candidata a compra histórica sin proveedor y sin efecto de inventario/costo.,91a3641ac6b246c5f424da72ee1e9d5e66856ece74508792e4ff37bed46f4171
Control de compras,14,,purchase,BATTERY PACK,03596366-fc4a-4d1a-b6f6-59eba47d2f66,BATTERY PACK,2025-06-20,5,73250,5,14650,73250,INSERT,READY,Fila válida y producto resuelto; candidata a compra histórica sin proveedor y sin efecto de inventario/costo.,1376d55e49dc1bf8ec95e290ad57d72c6091ea340da974f05d84bd094a614b11
Control de compras,15,,purchase,CABLE 20W IPHONE,20530c08-7371-4726-8a0e-0c5023e7d513,CABLE 20W IPHONE,2025-06-20,10,73000,10,7300,73000,INSERT,READY,Fila válida y producto resuelto; candidata a compra histórica sin proveedor y sin efecto de inventario/costo.,ca2fd4dde251e6c892d3369c8064067de67d8de43e4be593d12d038b3850d2b6
Control de compras,16,,purchase,CABEZAL 20W USB-C,753fd426-1a8c-49c6-8e17-60b57ea59b8b,Cabezal Iphone,2025-06-20,10,73000,10,7300,73000,INSERT,READY,Fila válida y producto resuelto; candidata a compra histórica sin proveedor y sin efecto de inventario/costo.,d9f4a05e353b863a966192e7a3ff2d8586a27b2e57c6f78737c9a36d35b75935
Control de compras,17,,purchase,AIRPODS PRO MAX,44913241-9d16-4ba5-ad8a-56c34307a571,AIRPODS PRO MAX,2025-06-20,5,109200,5,21840,109200,INSERT,READY,Fila válida y producto resuelto; candidata a compra histórica sin proveedor y sin efecto de inventario/costo.,383a8be383d0fad6a60d086965906640f3bab9746c5709cb51dc5a7c87df3fb1
Control de compras,18,,purchase,TEMPLADOS,1972ae36-3e41-421a-ae47-e32f8b5fc407,TEMPLADOS,2025-06-20,50,66750,50,1335,66750,INSERT,READY,Fila válida y producto resuelto; candidata a compra histórica sin proveedor y sin efecto de inventario/costo.,c425b006962a12865bb724127a1856df665d174ecf4944f7e1568ea0dda52143
Control de compras,19,,purchase,Auriculares Inalámbricos In-Ear A6S,db40494d-a08b-4a96-9746-70d6a3ac518b,Auriculares Inalámbricos In-Ear A6S,2025-08-21,10,58450,10,5845,58450,INSERT,READY,Fila válida y producto resuelto; candidata a compra histórica sin proveedor y sin efecto de inventario/costo.,aafc54387097252c1e9e725dd7ecbf06e1613f6cb1d66a2734031d60b48486e0
Control de compras,20,,purchase,CARGADOR 3.8A  + CABLE TIPO C,f0f14dc6-8693-4670-aeab-42cc64732b0e,CARGADOR 3.8A  + CABLE TIPO C,2025-08-22,10,29390,10,2939,29390,INSERT,READY,Fila válida y producto resuelto; candidata a compra histórica sin proveedor y sin efecto de inventario/costo.,8695f29b84b8636605e711f588aa72a46ee0b244d963386bc3c454def1400ed4
Control de compras,21,,purchase,CABLE USB - C CARGA RAPIDA,d1abf544-2493-4dab-a769-53f9faa6c4be,CABLE USB - C CARGA RAPIDA,2025-08-23,10,14390,10,1439,14390,INSERT,READY,Fila válida y producto resuelto; candidata a compra histórica sin proveedor y sin efecto de inventario/costo.,e0dde2b1ef7bf00d616d5862911127e00e2f73b2b51cea557462ca9eab193df8
Control de compras,22,,purchase,Acqua di Gio Armani Premium Caballero 100ml,d939a0e1-0554-4ce1-bd40-bca029bf6eb6,Acqua di Gio Armani Premium Caballero 100ml,2025-09-02,1,18900,1,18900,18900,INSERT,READY,Fila válida y producto resuelto; candidata a compra histórica sin proveedor y sin efecto de inventario/costo.,276b6482c6aeb13f64f278e8ce86b811fd8e0758b961438fe41d5fd258e6557b
Control de compras,23,,purchase,Lattafa Fakhar Gold Edition Alternativo,,,2025-09-02,1,29500,1,29500,29500,REVIEW,HISTORICAL_PRODUCT_READY,HISTORICAL_PRODUCT_REQUIRED,d4b1461dc4a4309c99e79ebb09e442161522e560e6aefd3ec810a0c3fb9787cc
Control de compras,24,,purchase,Versace 30ml,,,2025-09-02,1,7500,1,7500,7500,REVIEW,HISTORICAL_PRODUCT_READY,HISTORICAL_PRODUCT_REQUIRED,8df1ed7c33eb3bce9e9e8b9a7502d1eb195e6b104a78f0f198ef5d88aeda7367
Control de compras,25,,purchase,Vaper Ignite V150,,,2025-09-19,8,118560,8,14820,118560,REVIEW,HISTORICAL_PRODUCT_READY,HISTORICAL_PRODUCT_REQUIRED,83ee018c007feec549030eeb5fc5359bc091af849ff07ce4bd46289bcb1331bd
Control de compras,26,,purchase,LATTAFA ASAD,bd7930a6-65c3-4e3b-b85f-1cb1b56d6835,LATTAFA ASAD,2025-09-19,1,26300,1,26300,26300,INSERT,READY,Fila válida y producto resuelto; candidata a compra histórica sin proveedor y sin efecto de inventario/costo.,7a175268f359b24b09812e8e054fa905bcc36a7ad31873b9ae3e7f5a8d7ee968
Control de compras,27,,purchase,ODYSSEY MANDARIN SKY,b93f703a-2a95-4167-b9ea-168c380456b3,ODYSSEY MANDARIN SKY,2025-09-19,1,32400,1,32400,32400,INSERT,READY,Fila válida y producto resuelto; candidata a compra histórica sin proveedor y sin efecto de inventario/costo.,fa3ce6728a3ce5628a351c7b408ddc9ad6499329871bb98e8b9478007b0dae3e
Control de compras,28,,purchase,CLUB DE NUIT SILLAGE,5f7a5f98-ef5b-447c-a9d4-49bcc840903c,CLUB DE NUIT SILLAGE,2025-09-19,1,45600,1,45600,45600,INSERT,READY,Fila válida y producto resuelto; candidata a compra histórica sin proveedor y sin efecto de inventario/costo.,0478df962555635ad4737ee47d28655f7b3bde54d96ab033fc1480400ded6c0a
Control de compras,29,,purchase,RASSASI HAWAS FOR HIM,7d334fd0-24b8-422a-a5bd-daa7de0e2947,RASSASI HAWAS FOR HIM,2025-09-19,1,35600,1,35600,35600,INSERT,READY,Fila válida y producto resuelto; candidata a compra histórica sin proveedor y sin efecto de inventario/costo.,a78982d5e476595e76b3ce97781a3b7a197bca18ddc1f0148905d19c92b1c08f
Control de compras,30,,purchase,ODYSSEY MANDARIN SKY,b93f703a-2a95-4167-b9ea-168c380456b3,ODYSSEY MANDARIN SKY,2025-10-14,1,45000,1,45000,45000,INSERT,READY,Fila válida y producto resuelto; candidata a compra histórica sin proveedor y sin efecto de inventario/costo.,c23791499a89bb1594cb66f6dad8b3b41b2267f9b83fa448ba806f362bd5e1a4
Control de compras,31,,purchase,Fakhar Rose Gold,c7659a2a-4bb5-439c-ba18-a62d2dd0c121,Fakhar Rose Gold,2025-10-14,1,37975,1,37975,37975,INSERT,READY,Fila válida y producto resuelto; candidata a compra histórica sin proveedor y sin efecto de inventario/costo.,1988ae52aa4f31ce19f27ecccead498d235563f53d06e3b5da1447e3d983a1fb
Control de compras,32,,purchase,Badee Al Oud For Glory (Black),54295ff4-ea05-4e7d-8f53-2924ccf16f9c,Badee Al Oud For Glory (Black),2025-10-14,1,37764.25,1,37764.25,37764.25,INSERT,READY,Fila válida y producto resuelto; candidata a compra histórica sin proveedor y sin efecto de inventario/costo.,08c055f2c372a4be25ab33740187b4ffb85e3649d5eeebfb13509ec31b2af84d
Control de compras,33,,purchase,Afnan Turathi Blue,32ccb5e4-1854-4f3d-9b33-136ae2c2502a,Afnan Turathi Blue,2025-10-14,1,51041.5,1,51041.5,51041.5,INSERT,READY,Fila válida y producto resuelto; candidata a compra histórica sin proveedor y sin efecto de inventario/costo.,934763399fee859c43823783781acbcf15361feca7c026bfc8fdbbe77fb9e74e
Control de compras,34,,purchase,Afnan 9 AM DIVE,6de8ca53-7561-4353-b3f6-99b6da9a9c3c,Afnan 9 AM DIVE,2025-10-14,1,42190,1,42190,42190,INSERT,READY,Fila válida y producto resuelto; candidata a compra histórica sin proveedor y sin efecto de inventario/costo.,731ad6c92e27ce448380d55f0f1429baa48786e4aab8d0e38945abaf4117d1a9
Control de compras,35,,purchase,Odyseey Limoni,63350249-ae3f-457d-8e5f-e3bb60be80e3,Odyseey Limoni,2025-10-14,1,37975,1,37975,37975,INSERT,READY,Fila válida y producto resuelto; candidata a compra histórica sin proveedor y sin efecto de inventario/costo.,344810b769401c8c025c038d60931c0f55617cc3d7450e8bb73337816d6c3151
Control de compras,36,,purchase,Opulent Dubai,917dd573-dc58-435a-85a4-c6b55bcd7ffc,Opulent Dubai,2025-10-14,1,27367.25,1,27367.25,27367.25,INSERT,READY,Fila válida y producto resuelto; candidata a compra histórica sin proveedor y sin efecto de inventario/costo.,6deb36dbb2a135c7f9ea9e44a63d9ddd105670842373ec61f62d49a574051ca7
Control de compras,37,,purchase,Lattafa Musamam White Intense,540bdab9-469a-4c01-b122-e3c70557251f,Lattafa Musamam White Intense,2025-10-15,1,67297.35,1,67297.35,67297.35,INSERT,READY,Fila válida y producto resuelto; candidata a compra histórica sin proveedor y sin efecto de inventario/costo.,dbac5ef30ce489b4ee06156b78de55f2987fb5b5afc35011cd88561984dfdbf2
Control de compras,38,,purchase,BHARARA King,5b729e4c-e54e-4e59-985f-42e3ce60e30d,BHARARA King,2025-10-14,1,75629,1,75629,75629,INSERT,READY,Fila válida y producto resuelto; candidata a compra histórica sin proveedor y sin efecto de inventario/costo.,bdc22288f88dbbd400efb33044f4491ae78f7759743a1be78b31f0cd5811a153
Control de compras,39,,purchase,BHARARA King Parfum,72917d13-012c-4ea2-a05a-7c324ef38b3c,BHARARA King Parfum,2025-11-04,1,78921.5,1,78921.5,78921.5,INSERT,READY,Fila válida y producto resuelto; candidata a compra histórica sin proveedor y sin efecto de inventario/costo.,ebffc0351b71b6b432e6d00ac339dea1480b9e56ddacea115cfa6f55466b6558
Control de compras,40,,purchase,Lattafa Yara Tous,e53066cc-9c35-47e2-8d27-0fe5fb425ce8,Lattafa Yara Tous,2025-11-04,1,31823.15,1,31823.15,31823.15,INSERT,READY,Fila válida y producto resuelto; candidata a compra histórica sin proveedor y sin efecto de inventario/costo.,e56a299167c36ba29925ba8849e3c2c0adbe34be33f291a409b651857aafe26e
Control de compras,41,,purchase,ODYSSEY MANDARIN SKY,b93f703a-2a95-4167-b9ea-168c380456b3,ODYSSEY MANDARIN SKY,2025-11-04,1,42037.25,1,42037.25,42037.25,INSERT,READY,Fila válida y producto resuelto; candidata a compra histórica sin proveedor y sin efecto de inventario/costo.,027ad8ddca3fe7f0f41e7ccdc53e1c0a4cd5c261f182ec049ecb11ced83e7e0f
Control de compras,42,,purchase,Odyssey Go Mango,0c177ab6-1db8-4692-8bda-2ec0dcb7156a,Odyssey Go Mango,2025-11-04,1,75138.5,1,75138.5,75138.5,INSERT,READY,Fila válida y producto resuelto; candidata a compra histórica sin proveedor y sin efecto de inventario/costo.,edf0d3b6c1f230c531bd06ceee9beca1ae4cdf94d116aa138ee15414f00c9a14
Control de compras,43,,purchase,Odyssey Artisto,53dda192-fa55-4d00-8deb-592b5f8deb4e,Odyssey Artisto,2025-11-04,1,50549,1,50549,50549,INSERT,READY,Fila válida y producto resuelto; candidata a compra histórica sin proveedor y sin efecto de inventario/costo.,fcf16d4a81fb07f4d78a7a03dc4bbdce3f6422cceefbbe8907e36daf6393d4ac
Control de compras,44,,purchase,Odyssey Aqua,73070e5d-763d-4d39-af59-957126199cab,Odyssey Aqua,2025-11-04,1,47639,1,47639,47639,INSERT,READY,Fila válida y producto resuelto; candidata a compra histórica sin proveedor y sin efecto de inventario/costo.,838034974a764fea59ca55be0b3b1e1253416b27abf8a547bce40319afdad5da
Control de compras,45,,purchase,Odyssey Mega,68c61d33-eb0e-4078-85fd-4481f7856451,Odyssey Mega,2025-11-04,1,38065.1,1,38065.1,38065.1,INSERT,READY,Fila válida y producto resuelto; candidata a compra histórica sin proveedor y sin efecto de inventario/costo.,e21fcc4f47df78a3224a5f7cff71f1bc6ad96e49b15f5eff5d46c9b8dd81ceb2
Control de compras,46,,purchase,Odyssey Wild One,f65ba129-7183-4894-bd1c-c9676df030ad,Odyssey Wild One,2025-11-04,1,37745,1,37745,37745,INSERT,READY,Fila válida y producto resuelto; candidata a compra histórica sin proveedor y sin efecto de inventario/costo.,b2dba3c99a34eff32c59a47dff0d7a4076fb4a8c9fe311593d202f39c1a3e2b8
Control de compras,47,,purchase,Sceptre Malachite Maison Alhambra,d26152c8-44cf-4db0-9dc6-b46e728f85e0,Sceptre Malachite Maison Alhambra,2025-11-04,1,39636.5,1,39636.5,39636.5,INSERT,READY,Fila válida y producto resuelto; candidata a compra histórica sin proveedor y sin efecto de inventario/costo.,965de350c9a98c7c9f6aeb969e1a966f4f92bdbc7dbbd9abe783010e81dd1267
Control de compras,48,,purchase,Vulcan Feu French Avenue,3593d659-714c-40ed-9231-8e57064c0fc3,Vulcan Feu French Avenue,2025-11-04,1,71064.5,1,71064.5,71064.5,INSERT,READY,Fila válida y producto resuelto; candidata a compra histórica sin proveedor y sin efecto de inventario/costo.,ffbdcc24683456dc34d6fd515e30f7de43e6a96cf24f10c38cab244272de7c92
Control de compras,49,,purchase,Hawas Fire Rasasi,9858eda6-63fb-41f7-9ba1-ab6e93d1f9b8,Hawas Fire Rasasi,2025-11-04,1,57751.25,1,57751.25,57751.25,INSERT,READY,Fila válida y producto resuelto; candidata a compra histórica sin proveedor y sin efecto de inventario/costo.,09539911c08d84b970a372dd6a0e9020a41ba4571ba8d9275d29a2a69a68fc83
Control de compras,50,,purchase,Bharara King 100ml Masculino,5b729e4c-e54e-4e59-985f-42e3ce60e30d,BHARARA King,2025-12-17,1,71450,1,71450,71450,INSERT,READY,Fila válida y producto resuelto; candidata a compra histórica sin proveedor y sin efecto de inventario/costo.,652eb428adf25c7202d763d75862a3895a2309b6afcd212d00c5c0b30c56074e
Control de compras,51,,purchase,Yara Tous Lattafa,e53066cc-9c35-47e2-8d27-0fe5fb425ce8,Lattafa Yara Tous,2025-12-17,1,32495,1,32495,32495,INSERT,READY,Fila válida y producto resuelto; candidata a compra histórica sin proveedor y sin efecto de inventario/costo.,5cb775711e8029242e6d0567193872d0c1ddb0f8c571559974bc0ae52cf18948
Control de compras,52,,purchase,Lattafa Asad Masculino 100ml,bd7930a6-65c3-4e3b-b85f-1cb1b56d6835,LATTAFA ASAD,2025-12-17,2,72400,2,36200,72400,INSERT,READY,Fila válida y producto resuelto; candidata a compra histórica sin proveedor y sin efecto de inventario/costo.,e2dcdb38b6e645263ad8df0dd38377540c2a33b394ef458bcbadd648ad48f00a
Control de compras,53,,purchase,Lattafa Qaed Al Fursan,1a0e151a-fe10-4276-9b0e-a3db50759c41,Lattafa Qaed Al Fursan,2025-12-17,1,30350,1,30350,30350,INSERT,READY,Fila válida y producto resuelto; candidata a compra histórica sin proveedor y sin efecto de inventario/costo.,a023d59eee4a5d36533b3912248fbb8a336d6058a948e3cb9ebcb4948700624a
Control de compras,54,,purchase,Lattafa Opulence Dubai,65027262-d36d-4230-a859-40a007489bfa,Lattafa Opulent Dubai,2025-12-17,1,35030,1,35030,35030,INSERT,READY,Fila válida y producto resuelto; candidata a compra histórica sin proveedor y sin efecto de inventario/costo.,a3f03d06323988dbf6b4b1117d9b23d16cedf572923eaf37c2c95fa979ac64c4
Control de compras,55,,purchase,Lattafa Pride Nebras,1354e3bc-2fa3-486d-a43a-d38da696f160,Lattafa Pride Nebras,2025-12-17,1,42500,1,42500,42500,INSERT,READY,Fila válida y producto resuelto; candidata a compra histórica sin proveedor y sin efecto de inventario/costo.,d7fb86936d105def37e0ee0a5d43ca9020667abf275faaaa5b97f377fdd0bebe
Control de compras,56,,purchase,Lattafa Yara Rosa,05b34469-3eb8-4148-8e97-9a19f1c2df6e,Lattafa Yara Rosa,2025-12-17,1,35740,1,35740,35740,INSERT,READY,Fila válida y producto resuelto; candidata a compra histórica sin proveedor y sin efecto de inventario/costo.,2bddfd4f1cccbb7befca3b5164fd22281fa8c23eac0c55cf11ecae04b054f6d9
Control de compras,57,,purchase,AIRPODS PRO 2,e73c5890-d0a0-4805-a558-cb3b7030ab30,AIRPODS PRO 2,2025-12-17,5,76750,5,15350,76750,INSERT,READY,Fila válida y producto resuelto; candidata a compra histórica sin proveedor y sin efecto de inventario/costo.,e45c1513e2fdbb70d2d8e8306d56abf123e55f58ae6123b8ef15d072d30880dd
Control de compras,58,1,purchase,Canasta matera,4d304204-8569-464a-b856-29a84bdee6c8,Canasta simil cuero,2026-01-22,2,17998,1,8999,8999,INSERT,READY,HUMAN_CONFIRMED_SPLIT,2372dc2c5454574b650e346e0c30804b58634a8029c2400e76b9e16c048852fd
Control de compras,58,2,purchase,Canasta matera,3e33942f-1d42-4b03-b30d-97da131b2cba,Canasta matera 100% cuero,2026-01-22,2,17998,1,8999,8999,INSERT,READY,HUMAN_CONFIRMED_SPLIT,3b5b1cdddada3286409bc9a779a546d8ae223ffed3d2ddbb96eb4d01377e9e87
Control de compras,59,,purchase,Lata Matera,b8a90822-19d2-4ade-b6f9-ce834a2a68a9,Lata Matera,2026-01-22,6,40194,6,6699,40194,INSERT,READY,Fila válida y producto resuelto; candidata a compra histórica sin proveedor y sin efecto de inventario/costo.,2b4bc459dbaf8bc4ace9ad227d4cfc3414d8e44ddecfc8d8a7832a71f414bf1b
Control de compras,60,,purchase,Vaso Cervecero Stanley,1dc53fdd-4eb8-4b60-b8ef-5eba96dc2cb2,Vaso Cervecero Stanley,2026-01-22,2,20400,2,10200,20400,INSERT,READY,Fila válida y producto resuelto; candidata a compra histórica sin proveedor y sin efecto de inventario/costo.,1c9ae48193391ab0f1f860d5d614bd9e7eda7e0ce37a66a64aa0e7c6b8ec9181
Control de compras,61,,purchase,Vaso Cervecero Liso,60e2067e-fae1-4180-ab6c-a83ccda2e024,Vaso Cervecero Liso,2026-01-22,1,9990,1,9990,9990,INSERT,READY,Fila válida y producto resuelto; candidata a compra histórica sin proveedor y sin efecto de inventario/costo.,5975865f4e6045e71d87dc251f773e5bd677e90612b454e7998853d0dd6772ef
Control de compras,62,,purchase,Mate Pampa Original boca abierta,05a2fc29-69ae-44a0-b19e-c9ad810c3a89,Mate Pampa Original boca abierta,2026-01-22,2,21400,2,10700,21400,INSERT,READY,Fila válida y producto resuelto; candidata a compra histórica sin proveedor y sin efecto de inventario/costo.,739873a8f5d1fb4f57aae2afc8e010364571f243f3e838e44798ef9acf7bb43c
Control de compras,63,,purchase,Termo media manija negro tapa plateada 1L,b223e3e9-3bb6-4da9-8a62-a03a4fd994e0,Termo media manija negro 1L,2026-01-22,1,14500,1,14500,14500,INSERT,READY,Fila válida y producto resuelto; candidata a compra histórica sin proveedor y sin efecto de inventario/costo.,eaf9ef079f84d75a9a8e94fe77d0e6b474c15731c085072e080d17b4af648728
Control de compras,64,,purchase,Termo media manija plateada 1L,b223e3e9-3bb6-4da9-8a62-a03a4fd994e0,Termo media manija negro 1L,2026-01-22,1,13950,1,13950,13950,INSERT,READY,Fila válida y producto resuelto; candidata a compra histórica sin proveedor y sin efecto de inventario/costo.,c48f15684b0d34500b53ad3af8de8ac115b4ee1c58faba0caacb00c360699bcb
Control de compras,65,,purchase,Mate Algarrobo Simple,91bcefba-2f03-4a0b-95a7-2d49462f270c,Mate Algarrobo Simple,2026-01-22,1,10000,1,10000,10000,INSERT,READY,Fila válida y producto resuelto; candidata a compra histórica sin proveedor y sin efecto de inventario/costo.,0beca42e143736675306e14d3b37ce6899c7a117b54ab3668f9234aa1b77847b
Control de compras,66,,purchase,Mate Algarrobo Acrilico,5c0709ee-5299-433f-af37-628d4efa09ff,Mate Algarrobo Acrilico,2026-01-22,1,14900,1,14900,14900,INSERT,READY,Fila válida y producto resuelto; candidata a compra histórica sin proveedor y sin efecto de inventario/costo.,3131027e392f6ae04ff4e556c1e6c65d7eee2fef20eb5cc869560431920dc558
Control de compras,67,,purchase,Termo de acero negro,cd5debfb-af46-45a5-9c20-ecf6bbb27c53,Termo de acero negro,2026-01-22,2,33998,2,16999,33998,INSERT,READY,Fila válida y producto resuelto; candidata a compra histórica sin proveedor y sin efecto de inventario/costo.,e174c90383fc462e1dcfa91844199aa282fc47e7bff5158fb8f6c5a6df07bc19
Control de compras,68,,purchase,Airpods,e73c5890-d0a0-4805-a558-cb3b7030ab30,AIRPODS PRO 2,2026-01-22,3,47048.7,3,15682.9,47048.7,INSERT,READY,Fila válida y producto resuelto; candidata a compra histórica sin proveedor y sin efecto de inventario/costo.,49528954aeda2e53e622bc5dd54e5b08742be4e76da7d1a45b2495a349b47048
Control de compras,69,,purchase,Elfbar BC 15k,,,2026-01-22,5,63390,5,12678,63390,REVIEW,HISTORICAL_PRODUCT_READY,HISTORICAL_PRODUCT_REQUIRED,4553e94534bcfd5a3bf490cd570a8773a3b8db38b09d3536ba162b753aa2a7fd
Control de compras,70,,purchase,Lattafa Bade'e Al Oud Sublime,b58d9866-5d03-4f63-994d-762108522492,Lattafa Bade'e Al Oud Sublime,2026-01-22,1,36717.2,1,36717.2,36717.2,INSERT,READY,Fila válida y producto resuelto; candidata a compra histórica sin proveedor y sin efecto de inventario/costo.,4fd3ee2ebd4008fa2b203ef36a4ae6985bffc0e9af8994b473fdbc826f2bbbfd
Control de compras,71,,purchase,Lattafa Yara moi,900a7c30-7412-4da3-b300-7d013044e853,Lattafa Yara moi,2026-01-22,1,31100,1,31100,31100,INSERT,READY,Fila válida y producto resuelto; candidata a compra histórica sin proveedor y sin efecto de inventario/costo.,7b380291006cef3b7d465ea7e288166e1a59d20cc8f559302ed2e190a12d05c4
Control de compras,72,,purchase,Lattafa Yara rosa,05b34469-3eb8-4148-8e97-9a19f1c2df6e,Lattafa Yara Rosa,2026-01-22,1,32504.3,1,32504.3,32504.3,INSERT,READY,Fila válida y producto resuelto; candidata a compra histórica sin proveedor y sin efecto de inventario/costo.,cd99d8ad06a4db65e4c196cd2273949c0e577cb4b7a04865fa3450ae9a3285fe
Control de compras,73,,purchase,Lattafa Yara Tous,e53066cc-9c35-47e2-8d27-0fe5fb425ce8,Lattafa Yara Tous,2026-01-22,1,31930.5,1,31930.5,31930.5,INSERT,READY,Fila válida y producto resuelto; candidata a compra histórica sin proveedor y sin efecto de inventario/costo.,d0dc9405f4043ef2805e565c4d1b1125950335cfc411deac321fd6507d7d8288
Control de compras,74,,purchase,RASSASI HAWAS FOR HIM,7d334fd0-24b8-422a-a5bd-daa7de0e2947,RASSASI HAWAS FOR HIM,2026-01-22,1,36596.4,1,36596.4,36596.4,INSERT,READY,Fila válida y producto resuelto; candidata a compra histórica sin proveedor y sin efecto de inventario/costo.,0b137d0ba2746e33cc0d6a687e576062ab9e23e40ed3e6946a134119fdec7df8
Control de compras,75,,purchase,Lattafa Mayar Natural Intense,111846de-d228-438a-885b-f2a426a38489,Lattafa Mayar Natural Intense,2026-01-22,1,30345,1,30345,30345,INSERT,READY,Fila válida y producto resuelto; candidata a compra histórica sin proveedor y sin efecto de inventario/costo.,a586a473d2b3f7cb826febb6965b7a86fc703fc43ec97020e8055e4313960a37
Control de compras,76,,purchase,Afnan 9 PM Elixir,9c07ceb2-4d7a-407c-898b-e0cb43fc008e,Afnan 9 PM Elixir,2026-01-22,1,58280,1,58280,58280,INSERT,READY,Fila válida y producto resuelto; candidata a compra histórica sin proveedor y sin efecto de inventario/costo.,06e62b936fcf822099b535c8e4692408a9196ab08747fe4f0c183b81bb2d978e
Control de compras,77,,purchase,Mate Imperial virola alpaca cincelada premium,4f4d04b7-f869-4b24-8cb4-9817c9d2ccef,Mate Imperial virola alpaca cincelada premium,2026-02-12,1,19100,1,19100,19100,INSERT,READY,Fila válida y producto resuelto; candidata a compra histórica sin proveedor y sin efecto de inventario/costo.,93b6c854f24f9607974869e806e96738e4b0382fed2a9f3fbffe62b5394a68c4
Control de compras,78,,purchase,Mate Imperial Animal Print  virola lisa,c022616a-218b-4dbc-b219-6460f0ec0abc,Mate Imperial Animal Print  virola lisa,2026-02-12,1,24300,1,24300,24300,INSERT,READY,Fila válida y producto resuelto; candidata a compra histórica sin proveedor y sin efecto de inventario/costo.,fa631ba9cd5602df21f31a126ee37d2db3fdb946b765a617a1bfe7c176971b72
Control de compras,79,,purchase,Mate Imperial Animal Print  virola cincelada con aplique,e7ceb4e9-34e4-469b-b225-5de2e3cb5a8a,Mate Imperial Animal Print  virola cincelada con aplique,2026-02-12,1,26400,1,26400,26400,INSERT,READY,Fila válida y producto resuelto; candidata a compra histórica sin proveedor y sin efecto de inventario/costo.,b4079b2da966588b1d8d22132da37975928cc7d9261a42b0f58d8d3a7ce19e54
Control de compras,80,,purchase,Mate Imperial Liso,fb74b40d-84d4-4626-b313-fa8fac9275ad,Mate Imperial Liso,2026-02-12,1,17800,1,17800,17800,INSERT,READY,Fila válida y producto resuelto; candidata a compra histórica sin proveedor y sin efecto de inventario/costo.,33062acd1ee2d7a2145aa504f0099f941362065337c3d7bef8c48fe28033b848
Control de compras,81,,purchase,Mate Imperial cuero liso virola acero y bronce con botitas,9c05ba0b-731a-4701-80e6-450c1a4552fb,Mate Imperial cuero liso virola acero y bronce con botitas,2026-02-12,1,26500,1,26500,26500,INSERT,READY,Fila válida y producto resuelto; candidata a compra histórica sin proveedor y sin efecto de inventario/costo.,e229832add568e755ea38094d8d6b3d122f6de8e834704081ff8decf585573c5
Control de compras,82,,purchase,Mate Camionero virola alpaca cincelada con apliques de bronce,d4d1925f-333b-449d-b419-c0024e91397e,Mate Camionero virola alpaca cincelada con apliques de bronce,2026-02-12,1,16800,1,16800,16800,INSERT,READY,Fila válida y producto resuelto; candidata a compra histórica sin proveedor y sin efecto de inventario/costo.,f52d3f485f52d60bcd19f7db85551cb53fd7ff69bfe751e80e38f0bf1a9db056
Control de compras,83,,purchase,Mate Camionero virola de acero inox,0c74c49c-47fd-41e4-b07b-730afc08a6cd,Mate Camionero virola de acero inox,2026-02-12,1,12900,1,12900,12900,INSERT,READY,Fila válida y producto resuelto; candidata a compra histórica sin proveedor y sin efecto de inventario/costo.,5dd6a41045605b660e5555ea598040abf0ddefaff08fd1c2b0da14bac2ff12fa
Control de compras,84,,purchase,Mate Torpedo virola alpaca cincelada,ef88ee42-4946-4544-9282-21d5d16f17ea,Mate Torpedo virola alpaca cincelada,2026-02-12,1,16800,1,16800,16800,INSERT,READY,Fila válida y producto resuelto; candidata a compra histórica sin proveedor y sin efecto de inventario/costo.,4af88ce74224d71fba9ab3d8e260f628868791d84355a03fe7ad90bab63136f5
Control de compras,85,,purchase,Mate Torpedo animal print alpaca cincelada,6d1059a4-9226-415a-ac5a-163b9545b04a,Mate Torpedo animal print alpaca cincelada,2026-02-12,1,25400,1,25400,25400,INSERT,READY,Fila válida y producto resuelto; candidata a compra histórica sin proveedor y sin efecto de inventario/costo.,9d18490299abb200ee0a863fc385c867114a9634386179131fa96e6b6d5057f7
Control de compras,86,,purchase,Mate Torpedo alpaca cincelada cuero dibujado con botitas,fba9e477-4b03-48be-bbf1-4a7152105234,Mate Torpedo alpaca cincelada cuero dibujado con botitas,2026-02-12,1,24500,1,24500,24500,INSERT,READY,Fila válida y producto resuelto; candidata a compra histórica sin proveedor y sin efecto de inventario/costo.,61e244c369809340b5f30caece9f82460d20807e052631fbde5ac9526eb37add
Control de compras,87,,purchase,Mate Torpedo base de cuero virola cincelada de bronce,a9f0a1e1-7acd-4bfe-a9e2-48e6f0a8354c,Mate Torpedo base de cuero virola cincelada de bronce,2026-02-12,1,24800,1,24800,24800,INSERT,READY,Fila válida y producto resuelto; candidata a compra histórica sin proveedor y sin efecto de inventario/costo.,90f86dc910882258a82265c019edfe1c088ddd2fa9e8a172587088b1a2dfd9a8
Control de compras,88,,purchase,Mate Torpedo animal print 100% cuero,2c39e1c9-cc23-4d4c-bb5d-8469f87e666b,Mate Torpedo animal print 100% cuero,2026-02-12,1,27400,1,27400,27400,INSERT,READY,Fila válida y producto resuelto; candidata a compra histórica sin proveedor y sin efecto de inventario/costo.,84d11dd29ef233dca46a02d38226ff380721fd501dffacfb15551d0b066e3a66
Control de compras,89,,purchase,Canasta matera 100% cuero,3e33942f-1d42-4b03-b30d-97da131b2cba,Canasta matera 100% cuero,2026-02-12,1,20700,1,20700,20700,INSERT,READY,Fila válida y producto resuelto; candidata a compra histórica sin proveedor y sin efecto de inventario/costo.,2d68a90c2357ae0b856b5b698f08b458757dab7bbaf6c44353fd01ef90add653
Control de compras,90,,purchase,Canasta simil cuero,4d304204-8569-464a-b856-29a84bdee6c8,Canasta simil cuero,2026-02-12,1,6500,1,6500,6500,INSERT,READY,Fila válida y producto resuelto; candidata a compra histórica sin proveedor y sin efecto de inventario/costo.,4d6bd18ba9269e10fc9cae7ccd158f370858340a0135114d759a42f5e6ab4b50
Control de compras,91,,purchase,Bombillón alpaca y bronce recto,7a76ef9b-c994-4b8d-81b4-525a0922835c,Bombillón alpaca y bronce recto,2026-02-12,2,31800,2,15900,31800,INSERT,READY,Fila válida y producto resuelto; candidata a compra histórica sin proveedor y sin efecto de inventario/costo.,97d3d29bc7de0ac01292c2eaa38fbe1a77d95cf400307a849bef8d3ba2eb2532
Control de compras,92,,purchase,Bombilla pico de loro corta,c5a353af-8b98-4980-b317-419adeed702d,Bombilla pico de loro corta,2026-02-12,1,3400,1,3400,3400,INSERT,READY,Fila válida y producto resuelto; candidata a compra histórica sin proveedor y sin efecto de inventario/costo.,bab50375bca6b26fcded3996f28321bf469fde7413ffd94b61fc689cab2aa040
Control de compras,93,,purchase,Bombilla pico de loro larga,01e900a4-515c-43eb-9ebd-b64387d985af,Bombilla pico de loro larga,2026-02-12,1,3400,1,3400,3400,INSERT,READY,Fila válida y producto resuelto; candidata a compra histórica sin proveedor y sin efecto de inventario/costo.,e48acf2c84640a91bcd539ef1db7e312c160360bb91e90294aeb898e381cb47d
Control de compras,94,,purchase,CABLE 20W IPHONE,20530c08-7371-4726-8a0e-0c5023e7d513,CABLE 20W IPHONE,2026-03-05,10,36500,10,3650,36500,INSERT,READY,Fila válida y producto resuelto; candidata a compra histórica sin proveedor y sin efecto de inventario/costo.,ee82cc508b96f98b2128327568e0479a939f7ed5e9f1c792cee82f00bc80c78d
Control de compras,95,,purchase,CABEZAL 20W USB-C,753fd426-1a8c-49c6-8e17-60b57ea59b8b,Cabezal Iphone,2026-03-05,10,36500,10,3650,36500,INSERT,READY,Fila válida y producto resuelto; candidata a compra histórica sin proveedor y sin efecto de inventario/costo.,a10b5201342921613804bce89447c4fa18036d0e2f21c4b8d9bf7e5b82b34f30
Control de compras,96,,purchase,Camiseta ARGENTINA TAILANDESA,b46e57f6-73f3-41c7-b1a7-4606c7e9ee13,Camiseta ARGENTINA TAILANDESA,2026-03-05,1,24650,1,24650,24650,INSERT,READY,Fila válida y producto resuelto; candidata a compra histórica sin proveedor y sin efecto de inventario/costo.,1f00950dc356d4e80cf765d40b1c9de09fdd069489eb26328783431edf55be0c
Control de compras,97,,purchase,Camiseta ARGENTINA TERMOSELLADA,4f905ebe-f1e2-4a83-adeb-5941adda5ec2,Camiseta ARGENTINA TERMOSELLADA,2026-03-05,2,43355,2,21677.5,43355,INSERT,READY,Fila válida y producto resuelto; candidata a compra histórica sin proveedor y sin efecto de inventario/costo.,2f58fdfe22d04b599fe3ac112cf66b4f9ab9bff1b18a00a858d590efefebe145
Control de compras,98,,purchase,Camiseta ARGENTINA BORDADA,55569c44-0777-491c-9c9a-04dc621c3685,Camiseta ARGENTINA BORDADA,2026-03-05,2,36250,2,18125,36250,INSERT,READY,Fila válida y producto resuelto; candidata a compra histórica sin proveedor y sin efecto de inventario/costo.,f0f4dae6d40086dac3fa31e7b828230f9a76c05824419c9c2866c163c0fd4984
Control de compras,99,,purchase,Yerba organica Sante molienda fina 1Kg,ef9c93f0-e96f-409d-a3be-2105face156a,Yerba organica Sante molienda fina 1Kg,2026-03-09,1,5000,1,5000,5000,INSERT,READY,Fila válida y producto resuelto; candidata a compra histórica sin proveedor y sin efecto de inventario/costo.,25ed051ca24e8c5ca6c6dacc5b3d81de618d77c88a64a73b3896b72c7e070597
Control de compras,100,,purchase,Yerba organica Sante molienda gruesa 1Kg,d2173255-1fa5-4432-8ccf-d55ecf0f93b8,Yerba organica Sante molienda gruesa 1Kg,2026-03-09,2,10000,2,5000,10000,INSERT,READY,Fila válida y producto resuelto; candidata a compra histórica sin proveedor y sin efecto de inventario/costo.,1786b698ff70a4c9d26ccd464ccb7915536acaa38d41e8c1d8c94c1fa5272386
Control de compras,101,,purchase,Yerba organica Sante molienda fina 500g,2db3fb94-78ce-4ba3-b5f5-335c8a6d36c4,Yerba organica Sante molienda fina 500g,2026-03-09,1,2500,1,2500,2500,INSERT,READY,Fila válida y producto resuelto; candidata a compra histórica sin proveedor y sin efecto de inventario/costo.,dec9aea7bc1d1e9676cabed96f5408e6f398222cfe47d048d1f9a3960e6e79b8
Control de compras,102,,purchase,Yerba organica Sante molienda gruesa 500g,833a8d5f-cbe9-48b7-b8f2-2545dda9a0f3,Yerba organica Sante molienda gruesa 500g,2026-03-09,1,2500,1,2500,2500,INSERT,READY,Fila válida y producto resuelto; candidata a compra histórica sin proveedor y sin efecto de inventario/costo.,175343a38ed974dbec5bab08b5a4c79109c9c2dd148662b1fd83e16c8a2ecb37
Control de compras,103,,purchase,Decant odissey elixir,d072533f-5411-4940-bbec-d21d936ccfe0,Decant odissey elixir,2026-03-10,1,8000,1,8000,8000,INSERT,READY,Fila válida y producto resuelto; candidata a compra histórica sin proveedor y sin efecto de inventario/costo.,555cdc6fb9b7e228779c6f99c6a3f985e73245cc17b5736832b6eb33dd02b07f
Control de compras,104,,purchase,Decant 9 AM,39dc1190-b773-4430-9bb8-9fb37cce1a21,Decant 9 AM,2026-03-10,1,8000,1,8000,8000,INSERT,READY,Fila válida y producto resuelto; candidata a compra histórica sin proveedor y sin efecto de inventario/costo.,bfcb38429dcf0149e738288bb8f294e1112a57ca869392bccf89cb4702a52e67
Control de compras,105,,purchase,Decant 9 pm elixir,e0d493ea-6aa8-4127-8199-f171e829dda1,Decant 9 pm elixir,2026-03-10,1,8000,1,8000,8000,INSERT,READY,Fila válida y producto resuelto; candidata a compra histórica sin proveedor y sin efecto de inventario/costo.,400fd2330b28349b13e137ed567d25b43e426105bd87597fb82c017d36a02720
Control de compras,106,,purchase,Decant 9pm rebel,7e7a8a98-61c6-491e-85d8-1c13762fd6cc,Decant 9pm rebel,2026-03-10,1,8000,1,8000,8000,INSERT,READY,Fila válida y producto resuelto; candidata a compra histórica sin proveedor y sin efecto de inventario/costo.,6f42155cd9dc9f680ce8838278842bbbff5fcf4c948bfb6ea83f97e4c74fc5ec
Control de compras,107,,purchase,Decant Aqua Dubai,3643a08f-c0fc-4ada-8639-94ff3340ef90,Decant Aqua Dubai,2026-03-10,1,8000,1,8000,8000,INSERT,READY,Fila válida y producto resuelto; candidata a compra histórica sin proveedor y sin efecto de inventario/costo.,c43733d9239f0bfc51a39861a0bccb24359856eee1d6a58802f766f6b8c48461
Control de compras,108,,purchase,Decant Art of universe,360eb933-9dda-4dff-81cb-dcfc3d293484,Decant Art of universe,2026-03-10,1,8000,1,8000,8000,INSERT,READY,Fila válida y producto resuelto; candidata a compra histórica sin proveedor y sin efecto de inventario/costo.,23bd58bf4b14cad592a9596113711e59a4f09dc781f8d1a9140a6e3938b3892b
Control de compras,109,,purchase,Decant Bharara king,1e899cee-6a4b-4edf-bf22-941952ff79af,Decant Bharara king,2026-03-10,1,8000,1,8000,8000,INSERT,READY,Fila válida y producto resuelto; candidata a compra histórica sin proveedor y sin efecto de inventario/costo.,a266acdfdc49f0f8a837844aaf683ec93d33b5057804aa445dd887467733db6e
Control de compras,110,,purchase,Decant Bharara soleil,14fad7f8-6639-4f97-9e9c-4e2a89bbc7e7,Decant Bharara soleil,2026-03-10,1,8000,1,8000,8000,INSERT,READY,Fila válida y producto resuelto; candidata a compra histórica sin proveedor y sin efecto de inventario/costo.,6e2c74d85fa0700a372d888e845e8430b9e945d387482d6be75c31ab3a8382ef
Control de compras,111,,purchase,Decant Club de nuit iconic,7ccfd5dc-8ce3-4a93-9d15-9e99748f1944,Decant Club de nuit iconic,2026-03-10,1,8000,1,8000,8000,INSERT,READY,Fila válida y producto resuelto; candidata a compra histórica sin proveedor y sin efecto de inventario/costo.,84a9a7668c1d1e0c9d69c2993f6fbde0eacd92c01ffc9edbcbe26cc4904c69b8
Control de compras,112,,purchase,Decant Club de nuit intense,8194a45a-aeed-40a5-8c76-6e92ed85ebd2,Decant Club de nuit intense,2026-03-10,1,8000,1,8000,8000,INSERT,READY,Fila válida y producto resuelto; candidata a compra histórica sin proveedor y sin efecto de inventario/costo.,aa8a9b7cc841dda62bfeb11287da364de3a887932e82991a2ae316e32f2b0a04
Control de compras,113,,purchase,Decant Club de nuit urban elixir,b352dd83-e0f8-4569-96e8-42acb20ae139,Decant Club de nuit urban elixir,2026-03-10,1,8000,1,8000,8000,INSERT,READY,Fila válida y producto resuelto; candidata a compra histórica sin proveedor y sin efecto de inventario/costo.,23b90096648110f442da50475a8d15c9ceb913db72de5818d6b487b183ea6181
Control de compras,114,,purchase,Decant all' haramain amber oud gol edition,1ce1e6ff-2064-4290-8fea-c804cf5d44e0,Decant all' haramain amber oud gol edition,2026-03-10,1,8000,1,8000,8000,INSERT,READY,Fila válida y producto resuelto; candidata a compra histórica sin proveedor y sin efecto de inventario/costo.,bd972c33ce7431b54d330006521ce1a3a6ecc560785d6099075ff76bdc198540
Control de compras,115,,purchase,Decant Asad bourbon,15095452-e3cb-4ba7-b586-2b6e5e5206f3,Decant Asad bourbon,2026-03-10,1,8000,1,8000,8000,INSERT,READY,Fila válida y producto resuelto; candidata a compra histórica sin proveedor y sin efecto de inventario/costo.,8c6f07bd9559f1eee24c5dacc08599b56f7e6ef53d30a595db49606ab5a3e0e7
Control de compras,116,,purchase,Decant dubai nigth,64e60fa7-4bc9-4fbb-a401-d57821edc72b,Decant dubai nigth,2026-03-10,1,8000,1,8000,8000,INSERT,READY,Fila válida y producto resuelto; candidata a compra histórica sin proveedor y sin efecto de inventario/costo.,9c8a4bb199128b33a938e7860c8242038b2c4be503f27045dfd89df65989afc8
Control de compras,117,,purchase,Decant hawas black,50282266-0dd6-4864-bfdb-bbc6c5aec91a,Decant hawas black,2026-03-10,1,8000,1,8000,8000,INSERT,READY,Fila válida y producto resuelto; candidata a compra histórica sin proveedor y sin efecto de inventario/costo.,3ffb002799cb225e1aa60d17356aca4f29235726707fba67a045e58570b35221
Control de compras,118,,purchase,Decant hawas Kobra,8f06198a-0199-407d-9d5d-9e7c38bcd578,Decant hawas Kobra 5ml,2026-03-10,1,8000,1,8000,8000,INSERT,READY,Fila válida y producto resuelto; candidata a compra histórica sin proveedor y sin efecto de inventario/costo.,0f0ba82fd325f60f90d27e39eafd8240411a5f672b6df3095226cd66317f3b50
Control de compras,119,,purchase,Decant hawas elixir,2db67b25-6e37-446a-8e98-5f626d5efc63,Decant hawas elixir,2026-03-10,1,8000,1,8000,8000,INSERT,READY,Fila válida y producto resuelto; candidata a compra histórica sin proveedor y sin efecto de inventario/costo.,b2563bce99a1670b02a4752ece902669faf9ef612be5b51254ab5ed632345db0
Control de compras,120,,purchase,Decant hawas fire,f91c4caa-32bb-4450-8a87-25422095257b,Decant hawas fire,2026-03-10,1,8000,1,8000,8000,INSERT,READY,Fila válida y producto resuelto; candidata a compra histórica sin proveedor y sin efecto de inventario/costo.,9ddc0012e47d69db2710df6f03f4feb365531e8e052d256dd32b658361674b6e
Control de compras,121,,purchase,Decant hawas malibu,0be4f17b-4888-466f-ad13-3643a645f730,Decant hawas malibu 5ml,2026-03-10,1,8000,1,8000,8000,INSERT,READY,Fila válida y producto resuelto; candidata a compra histórica sin proveedor y sin efecto de inventario/costo.,6acfe41d6dc3bf35ca9a8b358602c0ebe6301f2986cb1c863bd18e883f72e851
Control de compras,122,,purchase,Decant Rayhaan elixir,3e52b75d-007c-4637-8ad7-3dd3a8efb159,Decant Rayhaan elixir,2026-03-10,1,8000,1,8000,8000,INSERT,READY,Fila válida y producto resuelto; candidata a compra histórica sin proveedor y sin efecto de inventario/costo.,87ff3f480ce861729eb3d8984d7aead457704d9b267a319095d71280137f62c3
Control de compras,123,,purchase,Decant Lattafa Kahambra,e5b37a2f-ab84-4009-b8d3-1a6f307c3eda,Decant Lattafa Kahambra,2026-03-10,1,8000,1,8000,8000,INSERT,READY,Fila válida y producto resuelto; candidata a compra histórica sin proveedor y sin efecto de inventario/costo.,c186de9f2f1ce0cd6d195f51cb60cd7dbbf85c2860e812d08517d1fb05dabcf2
Control de compras,124,,purchase,Decant liquid brun,8ca47237-b9ae-4720-a8be-043ecd104ed7,Decant liquid brun,2026-03-10,1,8000,1,8000,8000,INSERT,READY,Fila válida y producto resuelto; candidata a compra histórica sin proveedor y sin efecto de inventario/costo.,f98c8a4ef6134de50213fd2f932d136ab5d60f4289a7ef458c6189838238bfeb
Control de compras,125,,purchase,Decant hawas tropical,fe29c305-f0f8-4752-855c-c785be1046ac,Decant hawas tropical 5ml,2026-03-10,1,8000,1,8000,8000,INSERT,READY,Fila válida y producto resuelto; candidata a compra histórica sin proveedor y sin efecto de inventario/costo.,986969185c1f75b6d8d2b00d92444fd7d8e13b267f1f2fede7ff1daa5e726cb4
Control de compras,126,,purchase,Decant hawas verde,b6db64db-4768-43f9-aadd-e72f24d6d318,Decant hawas verde,2026-03-10,1,8000,1,8000,8000,INSERT,READY,Fila válida y producto resuelto; candidata a compra histórica sin proveedor y sin efecto de inventario/costo.,aeab9c385ca989c0bc4f6139201621080576f539d13886c1c26decb04570eff3
Control de compras,127,,purchase,Decant Game of Spades Full House,8d828391-4a86-4eb9-bb6a-f384bc3e1d7d,Decant Game of Spades Full House 5ml,2026-03-10,1,8000,1,8000,8000,INSERT,READY,Fila válida y producto resuelto; candidata a compra histórica sin proveedor y sin efecto de inventario/costo.,aab07c7c7a5e355d284be7d8deb07d9636e44bda2a01ba1aeb51eb620d8c08a6
Control de compras,128,,purchase,BOX LOS SIMPSON,edb4b664-5da6-489c-94c1-b0d1deb88232,BOX LOS SIMPSON,2026-03-20,1,14640,1,14640,14640,INSERT,READY,Fila válida y producto resuelto; candidata a compra histórica sin proveedor y sin efecto de inventario/costo.,59fdb0895aded506acaf405314c9c3f5acdd5cac344cfe53f955cfc464d28398
Control de compras,129,,purchase,Box Argentina,ac79cfed-1855-4fc9-8bb2-de2fc01aa904,Box Argentina,2026-03-20,3,43920,3,14640,43920,INSERT,READY,Fila válida y producto resuelto; candidata a compra histórica sin proveedor y sin efecto de inventario/costo.,f5c0c1996fda5160806a97c3ea5da431a7a1cd95375af8c69112c7baf7ad8411
Control de compras,130,,purchase,Box Presentación,da8d3743-3ee5-4210-a387-49e4f87e9ec9,Box Presentación,2026-03-20,3,16950,3,5650,16950,INSERT,READY,Fila válida y producto resuelto; candidata a compra histórica sin proveedor y sin efecto de inventario/costo.,6878ed815066de12a2e601c6f1b8f8c839f07b9c9192809eb8b1362859be4bf8
Control de compras,131,,purchase,Bombillon Premium,ac173fed-a2b0-43b9-9d05-36b7ebdcf902,Bombillon Premium,2026-03-20,1,17150,1,17150,17150,INSERT,READY,Fila válida y producto resuelto; candidata a compra histórica sin proveedor y sin efecto de inventario/costo.,1dfe628aeb263d718037d28cf70fb1741a7fdea93edfaf82aebab068b29fa396
Control de compras,132,,purchase,Bombillon Recto Cincelado,8ebeb6bb-d76f-415c-8cac-4e8c85cc422c,Bombillon Recto Cincelado,2026-03-20,1,14650,1,14650,14650,INSERT,READY,Fila válida y producto resuelto; candidata a compra histórica sin proveedor y sin efecto de inventario/costo.,47aadfa13f8fddeeba7b102032a3eb725bdfa555cd9131555289118b35e6a0d9
Control de compras,133,,purchase,Mate Camionero Argentina,06d245a5-6028-42dd-89d8-1e1f1b598faf,Mate Camionero Argentina,2026-03-20,1,8640,1,8640,8640,INSERT,READY,Fila válida y producto resuelto; candidata a compra histórica sin proveedor y sin efecto de inventario/costo.,0baa41eeb9b4d8408224986e07c7c7508d13f93af78659587ac6b95465c57bc1
Control de compras,134,,purchase,Mate Camionero Harry Potter,d6d024ff-1804-4be5-838b-8f7af9ca363d,Mate Camionero Harry Potter,2026-03-20,1,8640,1,8640,8640,INSERT,READY,Fila válida y producto resuelto; candidata a compra histórica sin proveedor y sin efecto de inventario/costo.,c0d0e32ea468b78855dcfeaa7831630bb9e3a97b6d9fd98bff6f9ee8681028d8
Control de compras,135,,purchase,Mate Camionero Messi,ff56264b-c183-404b-984f-205e95eea65a,Mate Camionero Messi,2026-03-20,1,8640,1,8640,8640,INSERT,READY,Fila válida y producto resuelto; candidata a compra histórica sin proveedor y sin efecto de inventario/costo.,fb9827a7f7bc9274aa35f037156533802d83b26180024349dfa945a0eae5d140
Control de compras,136,,purchase,Mate Camionero Patagónia,39310ff1-8765-464b-89f2-cbb245581879,Mate Camionero Patagónia,2026-03-20,1,8640,1,8640,8640,INSERT,READY,Fila válida y producto resuelto; candidata a compra histórica sin proveedor y sin efecto de inventario/costo.,33d01eda2536388b3b97912f1405413ef30e37d1c3e0fef1f17a57df4ef79b2c
Control de compras,137,,purchase,Mate Camionero Ruta,41cec216-c896-452a-8e38-15730ebafa35,Mate Camionero Ruta,2026-03-20,1,8640,1,8640,8640,INSERT,READY,Fila válida y producto resuelto; candidata a compra histórica sin proveedor y sin efecto de inventario/costo.,77aae87d259a4ef1be92175d429ae3d7ad6227aa13698c65a67a5ba18023bb5f
Control de compras,138,,purchase,Despolvillador,e53a64ad-8e1d-452f-9025-53d940215082,Despolvillador,2026-03-20,3,12450,3,4150,12450,INSERT,READY,Fila válida y producto resuelto; candidata a compra histórica sin proveedor y sin efecto de inventario/costo.,4b5693ad5d9a912445bfda63f98cacd4528cba616e1f0a37a1e1a59d80214530
Control de compras,139,,purchase,Dispenser de yerba en madera,4d7976ee-45ae-447a-88a7-e6f986c59d8f,Dispenser de yerba en madera,2026-03-20,1,13150,1,13150,13150,INSERT,READY,Fila válida y producto resuelto; candidata a compra histórica sin proveedor y sin efecto de inventario/costo.,262d4d291fc0b57cb4610087939f4a3998f8bef18639935d69a7346159a9f618
Control de compras,140,,purchase,Mate Imperial algarrobo con grabado BOCA JUNIORS,032d8b00-dd7e-4700-b8d4-106ccf93ba1a,Mate Imperial algarrobo con grabado BOCA JUNIORS,2026-03-20,1,11550,1,11550,11550,INSERT,READY,Fila válida y producto resuelto; candidata a compra histórica sin proveedor y sin efecto de inventario/costo.,7b116dc912fb7a340e2a42094ebafb9c18779ecd45211b560a930bf5f37e122f
Control de compras,141,,purchase,Mate Imperial algarrobo con grabado RIVER PLATE,19fba313-0653-4d9c-9e1a-f62a46652bf5,Mate Imperial algarrobo con grabado RIVER PLATE,2026-03-20,1,11550,1,11550,11550,INSERT,READY,Fila válida y producto resuelto; candidata a compra histórica sin proveedor y sin efecto de inventario/costo.,f26b22727a3efd4ad7246d7a05e6017cf9b591792f06ee61510ad41994988544
Control de compras,142,1,purchase,Porta mate cuero,165c4d74-286a-4882-9370-e47001f85e95,Porta mate cuero Marrón Oscuro,2026-03-20,3,21450,2,7150,14300,INSERT,READY,HUMAN_CONFIRMED_SPLIT,362a524c20d0a506cfff17d2cd533e8c2bf655db071a8c81a04a55b94f3f4156
Control de compras,142,2,purchase,Porta mate cuero,a2843178-0691-4a35-bb30-b475b3e941ff,Porta mate cuero Marrón,2026-03-20,3,21450,1,7150,7150,INSERT,READY,HUMAN_CONFIRMED_SPLIT,9c55e842c46c915b6a902fa64b6c8a6aa7b28a3f2c60d97a78731643c5b82766
Control de compras,143,,purchase,Termo Pico System,5585ed23-1d19-40b0-a443-81953a999e9c,Termo Pico System,2026-03-20,1,17640,1,17640,17640,INSERT,READY,Fila válida y producto resuelto; candidata a compra histórica sin proveedor y sin efecto de inventario/costo.,50ec7412185c91dbea29d19185a5ad7d1abd6d50a977b54b8b268576d504d47e
Control de compras,144,,purchase,Termo media manija negro 1L,b223e3e9-3bb6-4da9-8a62-a03a4fd994e0,Termo media manija negro 1L,2026-03-20,2,25280,2,12640,25280,INSERT,READY,Fila válida y producto resuelto; candidata a compra histórica sin proveedor y sin efecto de inventario/costo.,7185414f2d1ffc81b4e1f0e6265a87c0e383100f164dad163eb96f4e54efd349
Control de compras,145,,purchase,LATTAFA KHAMRAH - 100ML,aa3a931a-ef24-40b9-b65b-d2e2acd87a2b,LATTAFA KHAMRAH - 100ML,2026-04-08,1,43350,1,43350,43350,INSERT,READY,Fila válida y producto resuelto; candidata a compra histórica sin proveedor y sin efecto de inventario/costo.,a96d68ea3f43c951c2d7b8afb1a4d18d43f15e4bfcbee64d3b54780cf0f70b96
Control de compras,146,,purchase,LATTAFA MAYAR - 100ML,f044976f-c174-445b-8349-d5c62c424a56,LATTAFA MAYAR - 100ML,2026-04-08,1,42930,1,42930,42930,INSERT,READY,Fila válida y producto resuelto; candidata a compra histórica sin proveedor y sin efecto de inventario/costo.,ee3c51089a94b9b24b0f3a0f1f99317d2635b18ea3a3b20b0f89e73a02b3c832
Control de compras,147,,purchase,PHILOS PURA - 100ML,4d1af887-4b48-4be4-82e1-c0d9effb1a30,PHILOS PURA - 100ML,2026-04-08,1,42300,1,42300,42300,INSERT,READY,Fila válida y producto resuelto; candidata a compra histórica sin proveedor y sin efecto de inventario/costo.,241040a20969d674766f8be68b5b11dde0dca5a9226309e75656ea9ec92d8350
Control de compras,148,,purchase,LA VIVACITE INTESA - 100ML,147395ec-1a0b-4f54-9904-f27d2a88f12f,LA VIVACITE INTESA - 100ML,2026-04-08,1,39100,1,39100,39100,INSERT,READY,Fila válida y producto resuelto; candidata a compra histórica sin proveedor y sin efecto de inventario/costo.,73ea44bda55f5ddf92b021f69676c53cc64ce6e70b44f1d983b291ac1b6af8f3
Control de compras,149,,purchase,CONFIDENTIAL GOLD - 100M,7d2416cf-c123-4040-8617-1fb75de38e6e,CONFIDENTIAL GOLD - 100M,2026-04-08,1,38100,1,38100,38100,INSERT,READY,Fila válida y producto resuelto; candidata a compra histórica sin proveedor y sin efecto de inventario/costo.,4e27e22c3d5654e54320c9976a4356a878d24e4a368029526e07d7499f922fd0
Control de compras,150,,purchase,Al Haramain Amber Oud Gold Edition,469e3f38-36cc-45fd-bc6e-5bd558d3acf1,Al Haramain Amber Oud Gold Edition,2026-04-30,1,62496,1,62496,62496,INSERT,READY,Fila válida y producto resuelto; candidata a compra histórica sin proveedor y sin efecto de inventario/costo.,79887dc19ef3a01af7f48b9cdad83fc82f41bd1cc2fd71515458251c6126caff
Control de compras,151,,purchase,Elfbar BC 15k,,,2026-04-30,5,68448,5,13689.6,68448,REVIEW,HISTORICAL_PRODUCT_READY,HISTORICAL_PRODUCT_REQUIRED,4ac48652affa1215a58d3928eb47b41b1d782fbb449f75fcb63e40fabd07886b
Control de compras,152,,purchase,5 Camioneros de algarrobo + 5 Bombillas Chatas,327acf40-9888-42fc-9dee-dd94bab88db5,5 Camioneros de algarrobo + 5 Bombillas Chatas,2026-04-15,5,38500,5,7700,38500,INSERT,READY,Fila válida y producto resuelto; candidata a compra histórica sin proveedor y sin efecto de inventario/costo.,d948536a5de8ce6002abef04b8462e3796a9cb4cc9a1925dec62ef0938b9fb53
Control de compras,153,,purchase,Autocebante 2 en 1,724f97e4-581a-41c9-88d4-ab3e3dbb98df,Autocebante 2 en 1,2026-04-15,1,13500,1,13500,13500,INSERT,READY,Fila válida y producto resuelto; candidata a compra histórica sin proveedor y sin efecto de inventario/costo.,6b8aa583908ab5f0b33c003794275f66708db425a18d91f8595cdec888b5005c
Control de compras,154,,purchase,Bombilla de alpaca y bronce cincelada,be8852f0-c712-4b69-993f-dfd6e954af31,Bombilla de alpaca y bronce cincelada,,1,11900,1,11900,11900,REVIEW,SOURCE_DATE_REQUIRED,FECHA_AUSENTE,1c89e29abd8ce39d4e8d756b343111e0db06858433bb6d59538eb81da03a20c1
Control de compras,155,,purchase,Camionero Criollo Base de Cuero,05cf6b25-7851-4a76-817f-1a704930fcc7,Camionero Criollo Base de Cuero,,1,8500,1,8500,8500,REVIEW,SOURCE_DATE_REQUIRED,FECHA_AUSENTE,4d683a487f6e2a6f1b24aa6a11bf081ae8c5da4d9a9e7bd5bc4de6acd92ed7ff
Control de compras,156,,purchase,Combo 5 imperiales algarrobo acero + 5 pico loro,e781712d-5839-4d63-b648-13a2dfee6a71,Combo 5 imperiales algarrobo acero + 5 pico loro,,5,49990,5,9998,49990,REVIEW,SOURCE_DATE_REQUIRED,FECHA_AUSENTE,a79140cc763aebd33346ae79dbcd34fea4744636bc07d90b268c152b64c160c6
Control de compras,157,,purchase,Imperial Con Refuerzo Alpaca Y Base De Bolitas,c79ee2ec-e006-4be2-b54a-da869542b698,Imperial Con Refuerzo Alpaca Y Base De Bolitas,,1,22900,1,22900,22900,REVIEW,SOURCE_DATE_REQUIRED,FECHA_AUSENTE,1e2fd09a166172c7724ce9c29ab9a0a808e8a3d25340a651ee91755cdbf5b7f6
Control de compras,158,,purchase,Termo Media Manija Negro,b223e3e9-3bb6-4da9-8a62-a03a4fd994e0,Termo media manija negro 1L,,3,37500,3,12500,37500,REVIEW,SOURCE_DATE_REQUIRED,FECHA_AUSENTE,5db55be21fd8d48502f85391b93581debed14346f7e510d7acd43f108cf53383
Control de compras,159,,purchase,Torpedo Criollo Con Base,dcf4dcf5-1abe-4c87-8e5a-0217532b4a69,Torpedo Criollo Con Base,,1,19000,1,19000,19000,REVIEW,SOURCE_DATE_REQUIRED,FECHA_AUSENTE,48eaa48093287a91095464526622d54f774d3e2437c2a66b4aa1169d09ccb228
Control de compras,160,,purchase,Lattafa Yara Candy,a6158818-9fa9-4762-a98f-06d6f7a8afb3,Lattafa Yara Candy,2026-05-11,1,36750,1,36750,36750,INSERT,READY,Fila válida y producto resuelto; candidata a compra histórica sin proveedor y sin efecto de inventario/costo.,380ba5d94d66a10df1c745e9788037d3ee36d7770b699eba1aec47974ec74626
Control de compras,161,,purchase,Lattafa Asad Bourbon,13627ebe-ca04-46e0-9d26-d2861d1ee4a5,Lattafa Asad Bourbon,2026-05-11,1,52920,1,52920,52920,INSERT,READY,Fila válida y producto resuelto; candidata a compra histórica sin proveedor y sin efecto de inventario/costo.,741d4a3ec53a2182a0e74841ac1932371fc6664ff5b28d9b450d7435c72d9c94
Control de compras,162,,purchase,Odyssey Homme Black,c880c7b1-61bd-44be-93c7-9c4be028bc20,Odyssey Homme Black,2026-05-11,1,34545,1,34545,34545,INSERT,READY,Fila válida y producto resuelto; candidata a compra histórica sin proveedor y sin efecto de inventario/costo.,25025fe3c3cb497e241a357ccde0d339ebbf44cdb7f76236068ab399c29070ba
Control de compras,163,,purchase,Ignite V150,,,2026-05-11,2,30870,2,15435,30870,REVIEW,HISTORICAL_PRODUCT_READY,HISTORICAL_PRODUCT_REQUIRED,1db4a4e7816559c3c3b7a513a816d9fae69c169a8d27e5dee7fc00d7e14a81c9
Control de compras,164,,purchase,Elfbar BC 15k,,,2026-05-11,3,39690,3,13230,39690,REVIEW,HISTORICAL_PRODUCT_READY,HISTORICAL_PRODUCT_REQUIRED,54e1863f61e1a0717520814b2a83f4b27eb7aae3995ecc45dbd427da3b7aae4d
Control de compras,165,,purchase,Al Haramain dubai night,66c152aa-98db-4827-b4c7-fdc2721da2a6,Al Haramain dubai night,2026-06-23,1,64740,1,64740,64740,INSERT,READY,Fila válida y producto resuelto; candidata a compra histórica sin proveedor y sin efecto de inventario/costo.,15b809bf10a54745c22748134ddd97ba76020dab2874613033f147dc14b4b758
Control de compras,166,,purchase,Lattafa Eclaire,ad228c7e-6279-424f-a436-36e85685e5b8,Lattafa Eclaire,2026-06-23,1,44160,1,44160,44160,INSERT,READY,Fila válida y producto resuelto; candidata a compra histórica sin proveedor y sin efecto de inventario/costo.,6352a9b983442b9293d3988c5c9c556fd2ac4f6e87380263928f53ab458677cd
Control de compras,167,,purchase,Hawas Elixir,b5cb8397-6821-4f8d-bc77-cb335e757ef4,Hawas Elixir,2026-06-23,1,52980,1,52980,52980,INSERT,READY,Fila válida y producto resuelto; candidata a compra histórica sin proveedor y sin efecto de inventario/costo.,ec924c945688441d744d43d5cea5b5eb701f5c82d8e6c0adb007cfa624548b9d
Control de compras,168,,purchase,French Avenue Liquid Broun,6ca63ce3-5694-418f-90a8-5d8043f4c2f5,French Avenue Liquid Broun,2026-06-23,1,67680,1,67680,67680,INSERT,READY,Fila válida y producto resuelto; candidata a compra histórica sin proveedor y sin efecto de inventario/costo.,c31279dc668c4b499976798947e65a9abfa7977c8a961780c552a58be7c748ce
Control de compras,169,,purchase,Club de Nuit Intense Man,631dc501-2496-4c4f-9900-b0b14fbd19d2,Club de Nuit Intense Man,2026-06-23,1,54450,1,54450,54450,INSERT,READY,Fila válida y producto resuelto; candidata a compra histórica sin proveedor y sin efecto de inventario/costo.,18999a269e7f5883440497e0fc58f0413ff6df21af5eb8aea315718305b38357
Control de compras,170,,purchase,Termo pico system,5585ed23-1d19-40b0-a443-81953a999e9c,Termo Pico System,2026-07-24,10,185000,10,18500,185000,INSERT,READY,Fila válida y producto resuelto; candidata a compra histórica sin proveedor y sin efecto de inventario/costo.,bc582b28c371b1946eb3609baba186c67626c7796a15ed459a78394d0eb86e09
Control de compras,171,,purchase,YARA ELIXIR - 100ML,919056a3-1dc9-4ae0-9f90-fbba8cf58be9,YARA ELIXIR - 100ML,2026-07-30,1,54500,1,54500,54500,INSERT,READY,Fila válida y producto resuelto; candidata a compra histórica sin proveedor y sin efecto de inventario/costo.,a7d0c45c4f056e3a9be8b1559c0de51e0a049a6ff21644ed2879ed80a19d26cf
Control de compras,172,,purchase,YARA CLASICO - 100ML,05b34469-3eb8-4148-8e97-9a19f1c2df6e,Lattafa Yara Rosa,2026-07-30,1,44700,1,44700,44700,INSERT,READY,Fila válida y producto resuelto; candidata a compra histórica sin proveedor y sin efecto de inventario/costo.,47fc9ae87b81f9c1da23bec0120d4bffd20c9f960117b775e70d88f318eee3ed
Control de compras,173,,purchase,ASAD BLACK - 100ML,bd7930a6-65c3-4e3b-b85f-1cb1b56d6835,LATTAFA ASAD,2026-07-30,1,49200,1,49200,49200,INSERT,READY,Fila válida y producto resuelto; candidata a compra histórica sin proveedor y sin efecto de inventario/costo.,d1a9ad533b74cb9a0fc668b3b542bf4ec919d586e3ff0afbe3b0bf68766431ba
Control de compras,174,,purchase,LATTAFA KHAMRAH - 100ML,aa3a931a-ef24-40b9-b65b-d2e2acd87a2b,LATTAFA KHAMRAH - 100ML,2026-07-30,1,43700,1,43700,43700,INSERT,READY,Fila válida y producto resuelto; candidata a compra histórica sin proveedor y sin efecto de inventario/costo.,9808dca461c13e6ea72a55b290a71eab43f0a98d4281fdeb839cdc6d4ebbf6c2
Control de compras,175,,purchase,Uomo itense,314ab75f-58b3-49c5-8602-cda72295d855,Uomo itense,2026-07-30,1,54400,1,54400,54400,INSERT,READY,Fila válida y producto resuelto; candidata a compra histórica sin proveedor y sin efecto de inventario/costo.,2cc7b27b1e342f5be6a1854462069f5b876919ceb2cde5ce376b065902318aba
Control de compras,176,,purchase,Lattafa Qaed Al Fursan,1a0e151a-fe10-4276-9b0e-a3db50759c41,Lattafa Qaed Al Fursan,2026-07-30,1,34700,1,34700,34700,INSERT,READY,Fila válida y producto resuelto; candidata a compra histórica sin proveedor y sin efecto de inventario/costo.,b7b307053d58f6ca287378714e14649785c1faa9928dc70d275f5e7d8cae0a9b
Control de compras,177,,purchase,Lattafa Qaed Al Fursan Untamed,bedb3ca2-68ed-4158-a00f-4b203b4d8f92,Qaed Al Fursan Untamed,2026-07-30,1,36000,1,36000,36000,INSERT,READY,Fila válida y producto resuelto; candidata a compra histórica sin proveedor y sin efecto de inventario/costo.,e6dfbdbb90aa49be60aea79f8b995ca025f9c5488f92193178c90017a356ce80
Control de compras,178,,purchase,HOMME BLACK - 100ML,c6ab646e-ea3c-4ca9-928a-3f518e49f5e6,HOMME BLACK - 100ML,2026-07-30,1,42700,1,42700,42700,INSERT,READY,Fila válida y producto resuelto; candidata a compra histórica sin proveedor y sin efecto de inventario/costo.,cf4d15ff7049348328855fdb6c3365edf84f4053d4c5fb61eba37a2f93d7b0e2
Control de compras,179,,purchase,SALVO ELIXIR - 60ML,f57365ec-33f2-4807-aa64-18a77c00b00b,SALVO ELIXIR - 60ML,2026-07-30,1,38300,1,38300,38300,INSERT,READY,Fila válida y producto resuelto; candidata a compra histórica sin proveedor y sin efecto de inventario/costo.,86716d7eea866f26695ed89f4284a57c4794979c860ad9f687adcff57e9e81e4
Control de compras,180,,purchase,CONFIDENTIAL GOLD - 100ML,2e51cf34-5c02-42ff-867e-7a06d8bf273b,CONFIDENTIAL GOLD - 100ML,2026-07-30,1,31700,1,31700,31700,INSERT,READY,Fila válida y producto resuelto; candidata a compra histórica sin proveedor y sin efecto de inventario/costo.,30cfd153a2061b4de00cb04d264d8abc4ff6b1be30a7f6230e91f8735b7384ba
Control de compras,181,,purchase,Decants Muestras,,,2026-07-30,9,445500,9,49500,445500,REVIEW,HISTORICAL_PRODUCT_READY,HISTORICAL_PRODUCT_REQUIRED,28508922802bc116d8547339da355cc111e865e84a24cca6188f79dc7be4ff9c
