historical_group_key,canonical_historical_name,aliases,category,source_occurrences,first_date,last_date,historical_units,historical_sales_total,historical_purchases_total,proposed_status,proposed_stock,proposed_price,proposed_transfer_price,proposed_cost,notes
afnan-9pm-original-black,Afnan 9PM Original Black,AFNAN 9PM BLACK MEN EDP 100ML,,1,2025-08-09,2025-08-09,1,54000.00,0.00,,,,,,"Identidad aprobada. La creación futura debe definir categoría y price; su política será producto archivado, stock cero y sin efecto en inventario/costo."
afnan-9pm-rebel-100ml-edp,Afnan 9PM Rebel 100ml EDP,AFNAN 9PM REBEL 100ML EDP,,1,2025-08-09,2025-08-09,1,69900.00,0.00,,,,,,"Identidad aprobada. La creación futura debe definir categoría y price; su política será producto archivado, stock cero y sin efecto en inventario/costo."
decants-muestras,Decants Muestras,Decants Muestras,,1,2026-07-30,2026-07-30,9,0.00,445500.00,,,,,,"Identidad aprobada. La creación futura debe definir categoría y price; su política será producto archivado, stock cero y sin efecto en inventario/costo."
desodorante-asad,Desodorante Asad,Desodorante Asad,,1,2026-07-31,2026-07-31,1,33000.00,0.00,,,,,,"Identidad aprobada. La creación futura debe definir categoría y price; su política será producto archivado, stock cero y sin efecto en inventario/costo."
dolce-gabbana-light-blue-60ml,Dolce & Gabbana Light Blue 60ml,Dolce and Gabbana Light Blue 60ml,,1,2025-09-07,2025-09-07,1,15000.00,0.00,,,,,,"Identidad aprobada. La creación futura debe definir categoría y price; su política será producto archivado, stock cero y sin efecto en inventario/costo."
elfbar-30k,Elfbar 30K,VAPE ELFBAR 30K,,4,2025-06-20,2025-08-08,18,190743.00,272490.00,,,,,,"Identidad aprobada. La creación futura debe definir categoría y price; su política será producto archivado, stock cero y sin efecto en inventario/costo."
elfbar-bc-15k,Elfbar BC 15K,Elfbar BC 15k,,7,2026-01-22,2026-05-11,17,108000.00,171528.00,,,,,,"Identidad aprobada. La creación futura debe definir categoría y price; su política será producto archivado, stock cero y sin efecto en inventario/costo."
frasco-generico-30ml,Frasco genérico 30ml,Versace 30ml,,1,2025-09-02,2025-09-02,1,0.00,7500.00,,,,,,"Identidad aprobada. La creación futura debe definir categoría y price; su política será producto archivado, stock cero y sin efecto en inventario/costo."
ignite-v150,Ignite V150,VAPE IGNATE  V150|Vaper Ignite V150|Ignite V150,,14,2025-05-22,2026-06-09,36,258240.00,404430.00,,,,,,"Identidad aprobada. La creación futura debe definir categoría y price; su política será producto archivado, stock cero y sin efecto en inventario/costo."
ignite-v151,Ignite V151,VAPE IGNATE  V151,,1,2026-06-10,2026-06-10,1,30800.00,0.00,,,,,,"Identidad aprobada. La creación futura debe definir categoría y price; su política será producto archivado, stock cero y sin efecto en inventario/costo."
imperial-algarrobo-acero-bombilla-pico-loro,Imperial Algarrobo Acero + Bombilla Pico de Loro,Imperial Algarrobo Acero + Bombilla pico de loro|Imperial Con Refuerzo Alpaca Y Base De Bolitasperial + Bombilla Pico de Loro,,3,2026-06-13,2026-09-04,3,89500.00,0.00,,,,,,"Identidad aprobada. La creación futura debe definir categoría y price; su política será producto archivado, stock cero y sin efecto en inventario/costo."
lattafa-fakhar-gold-edition-alternativo,Lattafa Fakhar Gold Edition Alternativo,Lattafa Fakhar Gold Edition Alternativo,,1,2025-09-02,2025-09-02,1,0.00,29500.00,,,,,,"Identidad aprobada. La creación futura debe definir categoría y price; su política será producto archivado, stock cero y sin efecto en inventario/costo."
pava-electrica,Pava eléctrica,PAVA ELECTRICA,,1,2025-08-09,2025-08-09,2,25000.00,0.00,,,,,,"Identidad aprobada. La creación futura debe definir categoría y price; su política será producto archivado, stock cero y sin efecto en inventario/costo."
secaplato,Secaplato,SECAPLATO,,1,2025-08-09,2025-08-09,1,29000.00,0.00,,,,,,"Identidad aprobada. La creación futura debe definir categoría y price; su política será producto archivado, stock cero y sin efecto en inventario/costo."
