product_id,product_name,row_id,url,storage_path,sort_order,is_primary,db_created_at,storage_exists,storage_object_id,storage_created_at,size,mime,etag,issues
bd7930a6-65c3-4e3b-b85f-1cb1b56d6835,LATTAFA ASAD,f19c0c17-bcc5-4879-a844-f6a4e22c1e67,https://xspvoicelbxlmtqoiolc.supabase.co/storage/v1/object/public/product-images/products/bd7930a6-65c3-4e3b-b85f-1cb1b56d6835/1780890845250-img-4815-optimizada.webp,products/bd7930a6-65c3-4e3b-b85f-1cb1b56d6835/1780890845250-img-4815-optimizada.webp,0,true,2026-06-08T03:54:05.715113+00:00,true,24cbc71e-e4b3-4d9d-bcf5-bf6209ff5a28,2026-06-08T03:54:05.513Z,34768,image/webp,0394b2d4b4150f8f57f8c2fb347733c4,
880dfa55-41c2-4275-91e7-ca7def54ec14,Rasasi Hawas For Him,2b4bf44e-e108-4849-9acb-0f6970a313ab,https://xspvoicelbxlmtqoiolc.supabase.co/storage/v1/object/public/product-images/products/880dfa55-41c2-4275-91e7-ca7def54ec14/1780978863318-img-4898-optimizada.webp,products/880dfa55-41c2-4275-91e7-ca7def54ec14/1780978863318-img-4898-optimizada.webp,0,false,2026-06-09T04:21:03.905674+00:00,true,093f02b5-2f5f-4dd0-a6de-1db4ed29cd19,2026-06-09T04:21:03.713Z,88116,image/webp,0fc132872409cc133657335138562501,DUPLICATE_CONTENT_SAME_PRODUCT|DUPLICATE_CONTENT_DB|ORDER_INCONSISTENT
880dfa55-41c2-4275-91e7-ca7def54ec14,Rasasi Hawas For Him,53912094-c090-46b7-ad2d-46ac81bde040,https://xspvoicelbxlmtqoiolc.supabase.co/storage/v1/object/public/product-images/products/880dfa55-41c2-4275-91e7-ca7def54ec14/1780978864680-img-4898-optimizada.webp,products/880dfa55-41c2-4275-91e7-ca7def54ec14/1780978864680-img-4898-optimizada.webp,0,true,2026-06-09T04:21:05.181944+00:00,true,14138a7e-40d7-4ae9-9960-0f322cdbcd44,2026-06-09T04:21:04.998Z,88116,image/webp,0fc132872409cc133657335138562501,DUPLICATE_CONTENT_SAME_PRODUCT|DUPLICATE_CONTENT_DB|ORDER_INCONSISTENT
9c07ceb2-4d7a-407c-898b-e0cb43fc008e,Afnan 9 PM Elixir,b164973f-be36-4509-a1af-58f4e0366471,https://xspvoicelbxlmtqoiolc.supabase.co/storage/v1/object/public/product-images/products/9c07ceb2-4d7a-407c-898b-e0cb43fc008e/1780978967811-whatsapp-image-2026-01-26-at-18-33-15-optimizada.webp,products/9c07ceb2-4d7a-407c-898b-e0cb43fc008e/1780978967811-whatsapp-image-2026-01-26-at-18-33-15-optimizada.webp,0,true,2026-06-09T04:22:48.175065+00:00,true,ea7a9dce-626d-40c1-8d52-b856b6273805,2026-06-09T04:22:47.993Z,41898,image/webp,33f93ea906c424ea2aa5bc2a0b703976,
f1cb2323-0e7f-49d6-a26f-110595c90e55,Lattafa Yara Rosa,8a698d0f-96a5-4af8-bb05-4de4168bf431,https://xspvoicelbxlmtqoiolc.supabase.co/storage/v1/object/public/product-images/products/f1cb2323-0e7f-49d6-a26f-110595c90e55/1780979018845-img-4921-optimizada.webp,products/f1cb2323-0e7f-49d6-a26f-110595c90e55/1780979018845-img-4921-optimizada.webp,0,true,2026-06-09T04:23:39.340363+00:00,true,ea6e1da6-00a7-42e3-a7c8-0519b4813273,2026-06-09T04:23:39.152Z,69834,image/webp,124bacd2b763d1c5307bd23f201186d5,DUPLICATE_CONTENT_DB|DUPLICATE_CONTENT_CROSS_PRODUCT
96f90d2b-185b-4f47-a155-184619a8b6e3,Bombilla Pico de Loro,31a33be8-4de8-4fcd-97a7-62b1f5816df6,https://xspvoicelbxlmtqoiolc.supabase.co/storage/v1/object/public/product-images/products/96f90d2b-185b-4f47-a155-184619a8b6e3/1780979127511-img-5811-optimizada.webp,products/96f90d2b-185b-4f47-a155-184619a8b6e3/1780979127511-img-5811-optimizada.webp,0,true,2026-06-09T04:25:28.012038+00:00,true,a61fe037-88ed-4474-9c7a-2cded3196bf5,2026-06-09T04:25:27.774Z,70074,image/webp,f4c1866c12c97aedc7e5596f0640607c,
13627ebe-ca04-46e0-9d26-d2861d1ee4a5,Lattafa Asad Bourbon,1e58c71f-16b2-4861-859a-024461d2caec,https://xspvoicelbxlmtqoiolc.supabase.co/storage/v1/object/public/product-images/products/13627ebe-ca04-46e0-9d26-d2861d1ee4a5/1780979524128-img-0780-optimizada.webp,products/13627ebe-ca04-46e0-9d26-d2861d1ee4a5/1780979524128-img-0780-optimizada.webp,0,true,2026-06-09T04:32:04.575387+00:00,true,02a16270-b6b8-4fc4-bbc5-feba0e56fa3b,2026-06-09T04:32:04.389Z,57264,image/webp,6bcbbd494751cd83546ed00915d53cff,
e53066cc-9c35-47e2-8d27-0fe5fb425ce8,Lattafa Yara Tous,b6a4f02b-34e0-456e-b1c5-5086fa7b6fc0,https://xspvoicelbxlmtqoiolc.supabase.co/storage/v1/object/public/product-images/products/e53066cc-9c35-47e2-8d27-0fe5fb425ce8/1781366634997-img-4923-optimizada.webp,products/e53066cc-9c35-47e2-8d27-0fe5fb425ce8/1781366634997-img-4923-optimizada.webp,0,false,2026-06-13T16:03:55.429419+00:00,true,568f21e9-f2a9-4da3-8406-df96eff02cf9,2026-06-13T16:03:55.228Z,68662,image/webp,7c726d805187c4fc0e3f7e4323dad654,DUPLICATE_CONTENT_SAME_PRODUCT|DUPLICATE_CONTENT_DB|ORDER_INCONSISTENT
e53066cc-9c35-47e2-8d27-0fe5fb425ce8,Lattafa Yara Tous,fcfb0556-e18c-460c-81e3-94f95bb3572f,https://xspvoicelbxlmtqoiolc.supabase.co/storage/v1/object/public/product-images/products/e53066cc-9c35-47e2-8d27-0fe5fb425ce8/1781366636539-img-4923-optimizada.webp,products/e53066cc-9c35-47e2-8d27-0fe5fb425ce8/1781366636539-img-4923-optimizada.webp,0,true,2026-06-13T16:03:56.88733+00:00,true,a2b74f82-a21c-467c-9e5c-226779074808,2026-06-13T16:03:56.689Z,68662,image/webp,7c726d805187c4fc0e3f7e4323dad654,DUPLICATE_CONTENT_SAME_PRODUCT|DUPLICATE_CONTENT_DB|ORDER_INCONSISTENT
05b34469-3eb8-4148-8e97-9a19f1c2df6e,Lattafa Yara Rosa,216c5fa1-8fa8-49ec-bfbc-7091a9139045,https://xspvoicelbxlmtqoiolc.supabase.co/storage/v1/object/public/product-images/products/05b34469-3eb8-4148-8e97-9a19f1c2df6e/1781366716520-img-4921-optimizada.webp,products/05b34469-3eb8-4148-8e97-9a19f1c2df6e/1781366716520-img-4921-optimizada.webp,0,true,2026-06-13T16:05:16.880358+00:00,true,26b1033f-674f-4a1b-8f8f-4d7d869ec348,2026-06-13T16:05:16.697Z,69834,image/webp,124bacd2b763d1c5307bd23f201186d5,DUPLICATE_CONTENT_DB|DUPLICATE_CONTENT_CROSS_PRODUCT
900a7c30-7412-4da3-b300-7d013044e853,Lattafa Yara moi,a6aa1ff4-7f14-44ed-a58d-7421cc1e813b,https://xspvoicelbxlmtqoiolc.supabase.co/storage/v1/object/public/product-images/products/900a7c30-7412-4da3-b300-7d013044e853/1781367154390-whatsapp-image-2026-01-26-at-18-33-1-optimizada.webp,products/900a7c30-7412-4da3-b300-7d013044e853/1781367154390-whatsapp-image-2026-01-26-at-18-33-1-optimizada.webp,0,true,2026-06-13T16:12:34.765759+00:00,true,14889065-c890-4d53-9fea-68f05bb24280,2026-06-13T16:12:34.576Z,55758,image/webp,4df2b7397794cafccff7727bb2c0222c,
b58d9866-5d03-4f63-994d-762108522492,Lattafa Bade'e Al Oud Sublime,62c0d20f-8cf3-4b11-b35e-e61cfecba879,https://xspvoicelbxlmtqoiolc.supabase.co/storage/v1/object/public/product-images/products/b58d9866-5d03-4f63-994d-762108522492/1781367271058-whatsapp-image-2026-01-26-at-18-33-16-optimizada.webp,products/b58d9866-5d03-4f63-994d-762108522492/1781367271058-whatsapp-image-2026-01-26-at-18-33-16-optimizada.webp,0,true,2026-06-13T16:14:31.468889+00:00,true,41934740-9d1e-4eea-af74-266cb336394a,2026-06-13T16:14:31.236Z,59854,image/webp,8d8939ef4220b3b04ed518dcd5369a67,
65027262-d36d-4230-a859-40a007489bfa,Lattafa Opulent Dubai,0839c97a-b2b1-4f1c-822e-b7437c91064e,https://xspvoicelbxlmtqoiolc.supabase.co/storage/v1/object/public/product-images/products/65027262-d36d-4230-a859-40a007489bfa/1781367352580-img-4875-optimizada.webp,products/65027262-d36d-4230-a859-40a007489bfa/1781367352580-img-4875-optimizada.webp,0,true,2026-06-13T16:15:52.950582+00:00,true,e5a48491-8cf6-48d6-b0d4-6381c6982820,2026-06-13T16:15:52.760Z,98212,image/webp,fba29689eb9f11927528842eff9bb34c,
1a0e151a-fe10-4276-9b0e-a3db50759c41,Lattafa Qaed Al Fursan,03323eef-6142-4786-a822-26ea759c8102,https://xspvoicelbxlmtqoiolc.supabase.co/storage/v1/object/public/product-images/products/1a0e151a-fe10-4276-9b0e-a3db50759c41/1781367416969-img-4814-optimizada.webp,products/1a0e151a-fe10-4276-9b0e-a3db50759c41/1781367416969-img-4814-optimizada.webp,0,true,2026-06-13T16:16:57.470767+00:00,true,d98d787e-3bde-4380-9f7c-d0c028de841f,2026-06-13T16:16:57.292Z,61796,image/webp,806f40344692346d1d88bff924816dac,
1354e3bc-2fa3-486d-a43a-d38da696f160,Lattafa Pride Nebras,1600e707-0e0e-43d6-beec-c3ccaeaf82ef,https://xspvoicelbxlmtqoiolc.supabase.co/storage/v1/object/public/product-images/products/1354e3bc-2fa3-486d-a43a-d38da696f160/1781367460584-73bb2879-ccf0-4a17-a038-02154486843e-optimizada.webp,products/1354e3bc-2fa3-486d-a43a-d38da696f160/1781367460584-73bb2879-ccf0-4a17-a038-02154486843e-optimizada.webp,0,true,2026-06-13T16:17:40.964684+00:00,true,790638b9-3924-4619-ad95-4cae833b13d6,2026-06-13T16:17:40.771Z,85710,image/webp,16cc22b23f47f7d1eb0b2f910485d368,
be8852f0-c712-4b69-993f-dfd6e954af31,Bombilla de alpaca y bronce cincelada,3e318597-7a47-4327-ae57-5b1ff74c4394,https://xspvoicelbxlmtqoiolc.supabase.co/storage/v1/object/public/product-images/products/be8852f0-c712-4b69-993f-dfd6e954af31/1781480065580-img-0545-optimizada.webp,products/be8852f0-c712-4b69-993f-dfd6e954af31/1781480065580-img-0545-optimizada.webp,0,true,2026-06-14T23:34:26.261104+00:00,true,5b5314c9-859a-4705-8b2d-e3530e52ede5,2026-06-14T23:34:26.083Z,42190,image/webp,53adb83f21cadd272579161c7410686a,
b223e3e9-3bb6-4da9-8a62-a03a4fd994e0,Termo media manija negro 1L,32481f47-fd42-4e2c-b6b6-1540f1943a3e,https://xspvoicelbxlmtqoiolc.supabase.co/storage/v1/object/public/product-images/products/b223e3e9-3bb6-4da9-8a62-a03a4fd994e0/1781480153667-img-0541-optimizada.webp,products/b223e3e9-3bb6-4da9-8a62-a03a4fd994e0/1781480153667-img-0541-optimizada.webp,0,true,2026-06-14T23:35:54.534623+00:00,true,b94d17c4-429f-407e-93b9-3349bd2bcc39,2026-06-14T23:35:54.347Z,54046,image/webp,38a018bef3be811693c47e07ab69517f,
5585ed23-1d19-40b0-a443-81953a999e9c,Termo Pico System,54d000d2-a14c-4fee-9f27-336289fbc7e9,https://xspvoicelbxlmtqoiolc.supabase.co/storage/v1/object/public/product-images/products/5585ed23-1d19-40b0-a443-81953a999e9c/1781480195894-img-0538-optimizada.webp,products/5585ed23-1d19-40b0-a443-81953a999e9c/1781480195894-img-0538-optimizada.webp,0,true,2026-06-14T23:36:36.548971+00:00,true,6cd36892-54d1-4eb6-a3cf-97730787caf2,2026-06-14T23:36:36.374Z,54244,image/webp,a28f8974cc8fa77b8cb3c55d03d6a09b,
a2843178-0691-4a35-bb30-b475b3e941ff,Porta mate cuero Marrón,83702f3b-8666-4a32-b15f-18d49557a034,https://xspvoicelbxlmtqoiolc.supabase.co/storage/v1/object/public/product-images/products/a2843178-0691-4a35-bb30-b475b3e941ff/1781480265866-img-0537-optimizada.webp,products/a2843178-0691-4a35-bb30-b475b3e941ff/1781480265866-img-0537-optimizada.webp,0,true,2026-06-14T23:37:46.499623+00:00,true,8ecb1e57-735a-4d5f-9e86-6eb383d39e64,2026-06-14T23:37:46.313Z,62202,image/webp,2bef60a9b758eca76dcd1516bb0d1f85,
165c4d74-286a-4882-9370-e47001f85e95,Porta mate cuero Marrón Oscuro,93502e82-e9ed-4fc6-9dc7-6d119b7fb9cb,https://xspvoicelbxlmtqoiolc.supabase.co/storage/v1/object/public/product-images/products/165c4d74-286a-4882-9370-e47001f85e95/1781480345115-img-0536-optimizada.webp,products/165c4d74-286a-4882-9370-e47001f85e95/1781480345115-img-0536-optimizada.webp,0,true,2026-06-14T23:39:05.776992+00:00,true,e07bcdaa-441f-4aa4-9e19-889c310fb11d,2026-06-14T23:39:05.593Z,53604,image/webp,d86e0ca754dac2cb1a470117c5c57635,
19fba313-0653-4d9c-9e1a-f62a46652bf5,Mate Imperial algarrobo con grabado RIVER PLATE,9977f02d-9dc9-468f-b179-2cd3a585d588,https://xspvoicelbxlmtqoiolc.supabase.co/storage/v1/object/public/product-images/products/19fba313-0653-4d9c-9e1a-f62a46652bf5/1781480512488-img-0436-optimizada.webp,products/19fba313-0653-4d9c-9e1a-f62a46652bf5/1781480512488-img-0436-optimizada.webp,0,true,2026-06-14T23:41:53.44928+00:00,true,fbce7298-69c0-4426-9198-188492fdf9e3,2026-06-14T23:41:52.956Z,55812,image/webp,7e47623f9d6281cdf623fb143fcde276,
032d8b00-dd7e-4700-b8d4-106ccf93ba1a,Mate Imperial algarrobo con grabado BOCA JUNIORS,37d8f01d-a9a6-44da-be76-c380321b2dc8,https://xspvoicelbxlmtqoiolc.supabase.co/storage/v1/object/public/product-images/products/032d8b00-dd7e-4700-b8d4-106ccf93ba1a/1781480545296-img-0438-optimizada.webp,products/032d8b00-dd7e-4700-b8d4-106ccf93ba1a/1781480545296-img-0438-optimizada.webp,0,true,2026-06-14T23:42:25.909399+00:00,true,9b515ef6-5c31-434b-83fd-6c2e09fe09ce,2026-06-14T23:42:25.728Z,41044,image/webp,705db25b706247b63b9c65d69897133e,
4d7976ee-45ae-447a-88a7-e6f986c59d8f,Dispenser de yerba en madera,89c360f6-e194-4431-9f4c-bd98a7788acc,https://xspvoicelbxlmtqoiolc.supabase.co/storage/v1/object/public/product-images/products/4d7976ee-45ae-447a-88a7-e6f986c59d8f/1781480665871-img-7007-optimizada.webp,products/4d7976ee-45ae-447a-88a7-e6f986c59d8f/1781480665871-img-7007-optimizada.webp,0,true,2026-06-14T23:44:26.539507+00:00,true,5831ebcd-6e55-46ca-a699-c67576748cfd,2026-06-14T23:44:26.329Z,80550,image/webp,89be27b002950ee7433123c6a24bea56,
e53a64ad-8e1d-452f-9025-53d940215082,Despolvillador,7c481599-a175-467f-b310-b6b357e5c530,https://xspvoicelbxlmtqoiolc.supabase.co/storage/v1/object/public/product-images/products/e53a64ad-8e1d-452f-9025-53d940215082/1781480726821-img-7005-optimizada.webp,products/e53a64ad-8e1d-452f-9025-53d940215082/1781480726821-img-7005-optimizada.webp,0,true,2026-06-14T23:45:27.431064+00:00,true,34e20b9c-4217-45e9-b0f9-75a1dd0e76c0,2026-06-14T23:45:27.256Z,57302,image/webp,7fa810098ef0c925abb18c2fbb9e8862,
41cec216-c896-452a-8e38-15730ebafa35,Mate Camionero Ruta,0ada6952-afad-49ba-b43e-fb403ab630a5,https://xspvoicelbxlmtqoiolc.supabase.co/storage/v1/object/public/product-images/products/41cec216-c896-452a-8e38-15730ebafa35/1781480941199-img-0434-optimizada.webp,products/41cec216-c896-452a-8e38-15730ebafa35/1781480941199-img-0434-optimizada.webp,0,true,2026-06-14T23:49:01.77942+00:00,true,58cfce71-daa8-403d-be63-30ee2eb18b6a,2026-06-14T23:49:01.605Z,50262,image/webp,9a1fa7b0909206a0f3ece4c70e97f4a1,
39310ff1-8765-464b-89f2-cbb245581879,Mate Camionero Patagónia,91430487-38f2-472c-a556-ba3d86a0f9a6,https://xspvoicelbxlmtqoiolc.supabase.co/storage/v1/object/public/product-images/products/39310ff1-8765-464b-89f2-cbb245581879/1781480971158-img-0433-optimizada.webp,products/39310ff1-8765-464b-89f2-cbb245581879/1781480971158-img-0433-optimizada.webp,0,true,2026-06-14T23:49:31.721581+00:00,true,00d08739-d523-4fd8-a66e-9bfcb5a96898,2026-06-14T23:49:31.546Z,49704,image/webp,992c4f0353c770246419167e708e894c,
ff56264b-c183-404b-984f-205e95eea65a,Mate Camionero Messi,68b5cd37-6a6f-44ca-9ee5-1f5ac89fa74f,https://xspvoicelbxlmtqoiolc.supabase.co/storage/v1/object/public/product-images/products/ff56264b-c183-404b-984f-205e95eea65a/1781481004696-img-0439-optimizada.webp,products/ff56264b-c183-404b-984f-205e95eea65a/1781481004696-img-0439-optimizada.webp,0,true,2026-06-14T23:50:05.30132+00:00,true,3db3c66c-bcda-4452-84f0-1141eddd67ee,2026-06-14T23:50:05.123Z,51282,image/webp,4edaa1c1e37db19e7d83493a1401342b,
d6d024ff-1804-4be5-838b-8f7af9ca363d,Mate Camionero Harry Potter,6d2efa36-5a43-4efa-a59c-bcbb3d591c52,https://xspvoicelbxlmtqoiolc.supabase.co/storage/v1/object/public/product-images/products/d6d024ff-1804-4be5-838b-8f7af9ca363d/1781481032442-img-0431-optimizada.webp,products/d6d024ff-1804-4be5-838b-8f7af9ca363d/1781481032442-img-0431-optimizada.webp,0,true,2026-06-14T23:50:32.992161+00:00,true,7b1175ee-231f-43b6-b94c-63f0c3af2700,2026-06-14T23:50:32.830Z,52136,image/webp,ba0b1371fb545a379ca52d65cd0996e2,
06d245a5-6028-42dd-89d8-1e1f1b598faf,Mate Camionero Argentina,ff563e33-0170-4c4a-b87d-6843f71a5cfb,https://xspvoicelbxlmtqoiolc.supabase.co/storage/v1/object/public/product-images/products/06d245a5-6028-42dd-89d8-1e1f1b598faf/1781481057349-img-0432-optimizada.webp,products/06d245a5-6028-42dd-89d8-1e1f1b598faf/1781481057349-img-0432-optimizada.webp,0,true,2026-06-14T23:50:57.899863+00:00,true,74ee9655-3925-45a4-b993-7bb4525c7b1e,2026-06-14T23:50:57.732Z,54504,image/webp,980dc9a14b91f6421520d64269b4425e,
ac173fed-a2b0-43b9-9d05-36b7ebdcf902,Bombillon Premium,7cdb2b2b-5ab9-48c6-9169-868c3cafe456,https://xspvoicelbxlmtqoiolc.supabase.co/storage/v1/object/public/product-images/products/ac173fed-a2b0-43b9-9d05-36b7ebdcf902/1781481185498-img-0544-optimizada.webp,products/ac173fed-a2b0-43b9-9d05-36b7ebdcf902/1781481185498-img-0544-optimizada.webp,0,true,2026-06-14T23:53:06.196677+00:00,true,2f37bc6d-759e-4045-a64a-9210ad64d3b9,2026-06-14T23:53:05.906Z,42376,image/webp,e0e76c0919be123887e587381210aac7,
da8d3743-3ee5-4210-a387-49e4f87e9ec9,Box Presentación,995bdc15-b6a2-4bd4-bf9e-1496d5d80df7,https://xspvoicelbxlmtqoiolc.supabase.co/storage/v1/object/public/product-images/products/da8d3743-3ee5-4210-a387-49e4f87e9ec9/1781481332257-img-0535-optimizada.webp,products/da8d3743-3ee5-4210-a387-49e4f87e9ec9/1781481332257-img-0535-optimizada.webp,0,true,2026-06-14T23:55:32.843106+00:00,true,59772bcc-0bf8-4351-ab98-6f537bac2dcc,2026-06-14T23:55:32.662Z,67668,image/webp,01f960a23603e88dae18b2b789509d77,
ac79cfed-1855-4fc9-8bb2-de2fc01aa904,Box Argentina,76833586-71f6-4903-a533-79b5e047cba7,https://xspvoicelbxlmtqoiolc.supabase.co/storage/v1/object/public/product-images/products/ac79cfed-1855-4fc9-8bb2-de2fc01aa904/1781481867482-img-0531-optimizada.webp,products/ac79cfed-1855-4fc9-8bb2-de2fc01aa904/1781481867482-img-0531-optimizada.webp,0,true,2026-06-15T00:04:28.026181+00:00,true,48b06722-5f00-4747-a6c4-35f0e9428ae8,2026-06-15T00:04:27.843Z,109558,image/webp,dad7a5f13bc2d19bd3c7bf1002286df1,
edb4b664-5da6-489c-94c1-b0d1deb88232,BOX LOS SIMPSON,011e4fcd-10ac-4460-9157-73b696e439a9,https://xspvoicelbxlmtqoiolc.supabase.co/storage/v1/object/public/product-images/products/edb4b664-5da6-489c-94c1-b0d1deb88232/1781481899287-img-0524-optimizada.webp,products/edb4b664-5da6-489c-94c1-b0d1deb88232/1781481899287-img-0524-optimizada.webp,0,true,2026-06-15T00:04:59.890455+00:00,true,67f3e8a3-33bc-4583-8e81-3cfe44d0551b,2026-06-15T00:04:59.711Z,214644,image/webp,51c746b57035fff4b4ac982883c011b0,
8d828391-4a86-4eb9-bb6a-f384bc3e1d7d,Decant Game of Spades Full House 5ml,8e0b6d1a-6133-4182-9624-55d997a42348,https://xspvoicelbxlmtqoiolc.supabase.co/storage/v1/object/public/product-images/products/8d828391-4a86-4eb9-bb6a-f384bc3e1d7d/1781482003237-img-0207-optimizada.webp,products/8d828391-4a86-4eb9-bb6a-f384bc3e1d7d/1781482003237-img-0207-optimizada.webp,0,true,2026-06-15T00:06:43.773819+00:00,true,bf79c1d4-2cf6-4485-8918-974b8b2202eb,2026-06-15T00:06:43.599Z,45996,image/webp,5954b3fbef6a0a336722fe09027a76e5,
b6db64db-4768-43f9-aadd-e72f24d6d318,Decant hawas verde,6fac50d0-a71b-4c2f-a007-b530f07b2997,https://xspvoicelbxlmtqoiolc.supabase.co/storage/v1/object/public/product-images/products/b6db64db-4768-43f9-aadd-e72f24d6d318/1781482234001-img-0203-optimizada.webp,products/b6db64db-4768-43f9-aadd-e72f24d6d318/1781482234001-img-0203-optimizada.webp,0,true,2026-06-15T00:10:34.522028+00:00,true,fb860893-59a7-4a58-bd96-c204f594ad6c,2026-06-15T00:10:34.316Z,45064,image/webp,8521ff63faf81ae87ba0e1582c0ca35d,
fe29c305-f0f8-4752-855c-c785be1046ac,Decant hawas tropical 5ml,0130d2dc-d430-4c37-a355-91c01a0a3490,https://xspvoicelbxlmtqoiolc.supabase.co/storage/v1/object/public/product-images/products/fe29c305-f0f8-4752-855c-c785be1046ac/1781482275059-img-0197-optimizada.webp,products/fe29c305-f0f8-4752-855c-c785be1046ac/1781482275059-img-0197-optimizada.webp,0,true,2026-06-15T00:11:15.55009+00:00,true,c0d37d0e-2567-4077-bb42-47f45326ee2e,2026-06-15T00:11:15.366Z,45638,image/webp,4fd933be81f60aed4eeab035c9713744,
8ca47237-b9ae-4720-a8be-043ecd104ed7,Decant liquid brun,5196b634-210f-4954-b698-5837e45425e5,https://xspvoicelbxlmtqoiolc.supabase.co/storage/v1/object/public/product-images/products/8ca47237-b9ae-4720-a8be-043ecd104ed7/1781483034879-img-0211-optimizada.webp,products/8ca47237-b9ae-4720-a8be-043ecd104ed7/1781483034879-img-0211-optimizada.webp,0,true,2026-06-15T00:23:55.312471+00:00,true,043ec768-3e71-4ca0-aa3c-6999c90cc032,2026-06-15T00:23:55.126Z,46910,image/webp,90fee71fd09242048043ff101326a7d5,
e5b37a2f-ab84-4009-b8d3-1a6f307c3eda,Decant Lattafa Kahambra,58d1a2c0-5355-4531-a931-e6159a8ee622,https://xspvoicelbxlmtqoiolc.supabase.co/storage/v1/object/public/product-images/products/e5b37a2f-ab84-4009-b8d3-1a6f307c3eda/1781483155525-img-0199-optimizada.webp,products/e5b37a2f-ab84-4009-b8d3-1a6f307c3eda/1781483155525-img-0199-optimizada.webp,0,true,2026-06-15T00:25:56.240177+00:00,true,04e9148d-b0ae-4fd2-b1a9-ab39d0de5d3b,2026-06-15T00:25:56.060Z,46304,image/webp,0a9a67ff8f282dee39e86c2ec3ea1ca5,
3e52b75d-007c-4637-8ad7-3dd3a8efb159,Decant Rayhaan elixir,c1d588f1-dbac-46d0-9857-d2edb0090788,https://xspvoicelbxlmtqoiolc.supabase.co/storage/v1/object/public/product-images/products/3e52b75d-007c-4637-8ad7-3dd3a8efb159/1781483326400-img-0204-optimizada.webp,products/3e52b75d-007c-4637-8ad7-3dd3a8efb159/1781483326400-img-0204-optimizada.webp,0,true,2026-06-15T00:28:46.877912+00:00,true,5c57e7fc-6afe-4ff8-ba24-05c8db0351ef,2026-06-15T00:28:46.674Z,47494,image/webp,a65456491a53f2f583bfa10b1b03cd65,
0be4f17b-4888-466f-ad13-3643a645f730,Decant hawas malibu 5ml,2b12cfc3-42ca-451a-89a0-df81260d3fc4,https://xspvoicelbxlmtqoiolc.supabase.co/storage/v1/object/public/product-images/products/0be4f17b-4888-466f-ad13-3643a645f730/1781483499083-img-0193-optimizada.webp,products/0be4f17b-4888-466f-ad13-3643a645f730/1781483499083-img-0193-optimizada.webp,0,true,2026-06-15T00:31:39.547155+00:00,true,0ae959a6-7529-4c05-888d-f1062772e920,2026-06-15T00:31:39.345Z,41794,image/webp,a0ede90d44b4972b787e44b8914b4bb1,
f91c4caa-32bb-4450-8a87-25422095257b,Decant hawas fire,9dbec0cb-21a5-4cc3-8fee-08dc8d2a45e7,https://xspvoicelbxlmtqoiolc.supabase.co/storage/v1/object/public/product-images/products/f91c4caa-32bb-4450-8a87-25422095257b/1781484098968-img-0206-optimizada.webp,products/f91c4caa-32bb-4450-8a87-25422095257b/1781484098968-img-0206-optimizada.webp,0,true,2026-06-15T00:41:39.373634+00:00,true,e52d1367-16bf-41c9-a0a8-a5f1f2233598,2026-06-15T00:41:39.194Z,48806,image/webp,2b7a5b8eeb27c8f18dc085854ae64061,
2db67b25-6e37-446a-8e98-5f626d5efc63,Decant hawas elixir,4e23be90-fa02-496f-804f-479fea6300fe,https://xspvoicelbxlmtqoiolc.supabase.co/storage/v1/object/public/product-images/products/2db67b25-6e37-446a-8e98-5f626d5efc63/1781484221250-img-0191-optimizada.webp,products/2db67b25-6e37-446a-8e98-5f626d5efc63/1781484221250-img-0191-optimizada.webp,0,true,2026-06-15T00:43:41.695605+00:00,true,b40c8fd6-1832-4fbf-a2bb-ce7eabd57797,2026-06-15T00:43:41.491Z,47988,image/webp,2ec94f70f5bc3c6b7f5742e922475421,
8f06198a-0199-407d-9d5d-9e7c38bcd578,Decant hawas Kobra 5ml,bde530cb-b888-4c4b-b294-27aaffac3c3d,https://xspvoicelbxlmtqoiolc.supabase.co/storage/v1/object/public/product-images/products/8f06198a-0199-407d-9d5d-9e7c38bcd578/1781484545412-img-0210-optimizada.webp,products/8f06198a-0199-407d-9d5d-9e7c38bcd578/1781484545412-img-0210-optimizada.webp,0,true,2026-06-15T00:49:05.781225+00:00,true,9006313e-0887-4aed-81b1-e8b018111e95,2026-06-15T00:49:05.614Z,47020,image/webp,738f96ae466e2a0dc29475f6c1083625,
66c152aa-98db-4827-b4c7-fdc2721da2a6,Al Haramain dubai night,e1f8f6e1-fc81-4147-8034-c2e6c9742a38,https://xspvoicelbxlmtqoiolc.supabase.co/storage/v1/object/public/product-images/products/66c152aa-98db-4827-b4c7-fdc2721da2a6/1789227676837-0-3f6799b0-aca5-4b2a-ba06-cb1d7f0e4b65-optimizada.webp,products/66c152aa-98db-4827-b4c7-fdc2721da2a6/1789227676837-0-3f6799b0-aca5-4b2a-ba06-cb1d7f0e4b65-optimizada.webp,0,true,2026-09-12T15:41:17.356426+00:00,true,961cce54-30c9-4fcd-ab2d-5f5854dd10fb,2026-09-12T15:41:17.118Z,50728,image/webp,a8c1635ac5153f08c7286c9fea8a3ca4,DUPLICATE_CONTENT_SAME_PRODUCT|DUPLICATE_CONTENT_DB
66c152aa-98db-4827-b4c7-fdc2721da2a6,Al Haramain dubai night,9cc02b87-2304-4636-b4be-e785906e2a5d,https://xspvoicelbxlmtqoiolc.supabase.co/storage/v1/object/public/product-images/products/66c152aa-98db-4827-b4c7-fdc2721da2a6/1789227684865-0-3f6799b0-aca5-4b2a-ba06-cb1d7f0e4b65-optimizada.webp,products/66c152aa-98db-4827-b4c7-fdc2721da2a6/1789227684865-0-3f6799b0-aca5-4b2a-ba06-cb1d7f0e4b65-optimizada.webp,1,false,2026-09-12T15:41:25.544661+00:00,true,683ca2ee-c6a1-4e4d-bda6-cd557a1ae4c7,2026-09-12T15:41:25.347Z,50728,image/webp,a8c1635ac5153f08c7286c9fea8a3ca4,DUPLICATE_CONTENT_SAME_PRODUCT|DUPLICATE_CONTENT_DB
66c152aa-98db-4827-b4c7-fdc2721da2a6,Al Haramain dubai night,1afb8b59-23c2-4da9-9a1b-9cf7ccc2a527,https://xspvoicelbxlmtqoiolc.supabase.co/storage/v1/object/public/product-images/products/66c152aa-98db-4827-b4c7-fdc2721da2a6/1789227695603-0-3f6799b0-aca5-4b2a-ba06-cb1d7f0e4b65-optimizada.webp,products/66c152aa-98db-4827-b4c7-fdc2721da2a6/1789227695603-0-3f6799b0-aca5-4b2a-ba06-cb1d7f0e4b65-optimizada.webp,2,false,2026-09-12T15:41:36.299861+00:00,true,89d4581a-de81-42c9-b191-2d2e34bedeff,2026-09-12T15:41:36.114Z,50728,image/webp,a8c1635ac5153f08c7286c9fea8a3ca4,DUPLICATE_CONTENT_SAME_PRODUCT|DUPLICATE_CONTENT_DB
66c152aa-98db-4827-b4c7-fdc2721da2a6,Al Haramain dubai night,663a1a46-905c-4edb-9203-8243a92b4ea4,https://xspvoicelbxlmtqoiolc.supabase.co/storage/v1/object/public/product-images/products/66c152aa-98db-4827-b4c7-fdc2721da2a6/1789227699441-0-3f6799b0-aca5-4b2a-ba06-cb1d7f0e4b65-optimizada.webp,products/66c152aa-98db-4827-b4c7-fdc2721da2a6/1789227699441-0-3f6799b0-aca5-4b2a-ba06-cb1d7f0e4b65-optimizada.webp,3,false,2026-09-12T15:41:39.785348+00:00,true,890009a0-0bd3-43c1-a1ac-8a00ea0521b8,2026-09-12T15:41:39.602Z,50728,image/webp,a8c1635ac5153f08c7286c9fea8a3ca4,DUPLICATE_CONTENT_SAME_PRODUCT|DUPLICATE_CONTENT_DB
66c152aa-98db-4827-b4c7-fdc2721da2a6,Al Haramain dubai night,509d6c9e-0d19-411f-b364-ca15a374e8fd,https://xspvoicelbxlmtqoiolc.supabase.co/storage/v1/object/public/product-images/products/66c152aa-98db-4827-b4c7-fdc2721da2a6/1789227715355-0-3f6799b0-aca5-4b2a-ba06-cb1d7f0e4b65-optimizada.webp,products/66c152aa-98db-4827-b4c7-fdc2721da2a6/1789227715355-0-3f6799b0-aca5-4b2a-ba06-cb1d7f0e4b65-optimizada.webp,4,false,2026-09-12T15:41:55.776794+00:00,true,a7580735-3e24-4c17-b98d-7c10b65d9f28,2026-09-12T15:41:55.570Z,50728,image/webp,a8c1635ac5153f08c7286c9fea8a3ca4,DUPLICATE_CONTENT_SAME_PRODUCT|DUPLICATE_CONTENT_DB
66c152aa-98db-4827-b4c7-fdc2721da2a6,Al Haramain dubai night,57e579f2-1fd3-4915-9fc3-7e7c90a27c7a,https://xspvoicelbxlmtqoiolc.supabase.co/storage/v1/object/public/product-images/products/66c152aa-98db-4827-b4c7-fdc2721da2a6/1789227725352-0-3f6799b0-aca5-4b2a-ba06-cb1d7f0e4b65-optimizada.webp,products/66c152aa-98db-4827-b4c7-fdc2721da2a6/1789227725352-0-3f6799b0-aca5-4b2a-ba06-cb1d7f0e4b65-optimizada.webp,5,false,2026-09-12T15:42:05.905152+00:00,true,fd3d6ebd-fb45-4b63-9e88-c8e86d9dd9ee,2026-09-12T15:42:05.540Z,50728,image/webp,a8c1635ac5153f08c7286c9fea8a3ca4,DUPLICATE_CONTENT_SAME_PRODUCT|DUPLICATE_CONTENT_DB
66c152aa-98db-4827-b4c7-fdc2721da2a6,Al Haramain dubai night,1b39d7e0-8c67-45b2-bf50-88c1697611d1,https://xspvoicelbxlmtqoiolc.supabase.co/storage/v1/object/public/product-images/products/66c152aa-98db-4827-b4c7-fdc2721da2a6/1789227734435-0-3f6799b0-aca5-4b2a-ba06-cb1d7f0e4b65-optimizada.webp,products/66c152aa-98db-4827-b4c7-fdc2721da2a6/1789227734435-0-3f6799b0-aca5-4b2a-ba06-cb1d7f0e4b65-optimizada.webp,6,false,2026-09-12T15:42:14.949943+00:00,true,734f1780-d15c-429a-b66d-9851425d5059,2026-09-12T15:42:14.659Z,50728,image/webp,a8c1635ac5153f08c7286c9fea8a3ca4,DUPLICATE_CONTENT_SAME_PRODUCT|DUPLICATE_CONTENT_DB
66c152aa-98db-4827-b4c7-fdc2721da2a6,Al Haramain dubai night,c78d5db8-21f2-454f-9ceb-ad4bcfa547a1,https://xspvoicelbxlmtqoiolc.supabase.co/storage/v1/object/public/product-images/products/66c152aa-98db-4827-b4c7-fdc2721da2a6/1789227738188-0-3f6799b0-aca5-4b2a-ba06-cb1d7f0e4b65-optimizada.webp,products/66c152aa-98db-4827-b4c7-fdc2721da2a6/1789227738188-0-3f6799b0-aca5-4b2a-ba06-cb1d7f0e4b65-optimizada.webp,7,false,2026-09-12T15:42:18.559313+00:00,true,0d5bab16-152b-42e1-acdd-ff252a72369c,2026-09-12T15:42:18.378Z,50728,image/webp,a8c1635ac5153f08c7286c9fea8a3ca4,DUPLICATE_CONTENT_SAME_PRODUCT|DUPLICATE_CONTENT_DB
66c152aa-98db-4827-b4c7-fdc2721da2a6,Al Haramain dubai night,8837eafc-4118-4b1b-a10b-e6d71789f9be,https://xspvoicelbxlmtqoiolc.supabase.co/storage/v1/object/public/product-images/products/66c152aa-98db-4827-b4c7-fdc2721da2a6/1789227742607-0-3f6799b0-aca5-4b2a-ba06-cb1d7f0e4b65-optimizada.webp,products/66c152aa-98db-4827-b4c7-fdc2721da2a6/1789227742607-0-3f6799b0-aca5-4b2a-ba06-cb1d7f0e4b65-optimizada.webp,8,false,2026-09-12T15:42:22.973241+00:00,true,4f551952-cb29-484e-9c75-06f64b5c75db,2026-09-12T15:42:22.797Z,50728,image/webp,a8c1635ac5153f08c7286c9fea8a3ca4,DUPLICATE_CONTENT_SAME_PRODUCT|DUPLICATE_CONTENT_DB
66c152aa-98db-4827-b4c7-fdc2721da2a6,Al Haramain dubai night,15be8cd0-e2bc-4085-9cb3-db42a9024219,https://xspvoicelbxlmtqoiolc.supabase.co/storage/v1/object/public/product-images/products/66c152aa-98db-4827-b4c7-fdc2721da2a6/1789227745703-0-3f6799b0-aca5-4b2a-ba06-cb1d7f0e4b65-optimizada.webp,products/66c152aa-98db-4827-b4c7-fdc2721da2a6/1789227745703-0-3f6799b0-aca5-4b2a-ba06-cb1d7f0e4b65-optimizada.webp,9,false,2026-09-12T15:42:26.056218+00:00,true,526eef48-c098-428f-baba-3605901dbd33,2026-09-12T15:42:25.871Z,50728,image/webp,a8c1635ac5153f08c7286c9fea8a3ca4,DUPLICATE_CONTENT_SAME_PRODUCT|DUPLICATE_CONTENT_DB
66c152aa-98db-4827-b4c7-fdc2721da2a6,Al Haramain dubai night,6d8a1d1d-7283-4ffe-8255-59fbe9f9d310,https://xspvoicelbxlmtqoiolc.supabase.co/storage/v1/object/public/product-images/products/66c152aa-98db-4827-b4c7-fdc2721da2a6/1789227753858-0-3f6799b0-aca5-4b2a-ba06-cb1d7f0e4b65-optimizada.webp,products/66c152aa-98db-4827-b4c7-fdc2721da2a6/1789227753858-0-3f6799b0-aca5-4b2a-ba06-cb1d7f0e4b65-optimizada.webp,10,false,2026-09-12T15:42:34.334755+00:00,true,d55beee9-06e3-4a8e-b725-ba37735c74f1,2026-09-12T15:42:34.121Z,50728,image/webp,a8c1635ac5153f08c7286c9fea8a3ca4,DUPLICATE_CONTENT_SAME_PRODUCT|DUPLICATE_CONTENT_DB
66c152aa-98db-4827-b4c7-fdc2721da2a6,Al Haramain dubai night,9ff89b89-e76f-4166-bca3-24c821f5312f,https://xspvoicelbxlmtqoiolc.supabase.co/storage/v1/object/public/product-images/products/66c152aa-98db-4827-b4c7-fdc2721da2a6/1789227756859-0-3f6799b0-aca5-4b2a-ba06-cb1d7f0e4b65-optimizada.webp,products/66c152aa-98db-4827-b4c7-fdc2721da2a6/1789227756859-0-3f6799b0-aca5-4b2a-ba06-cb1d7f0e4b65-optimizada.webp,11,false,2026-09-12T15:42:37.435484+00:00,true,adf11fe2-7333-4675-a360-2f64f3ef76ce,2026-09-12T15:42:37.037Z,50728,image/webp,a8c1635ac5153f08c7286c9fea8a3ca4,DUPLICATE_CONTENT_SAME_PRODUCT|DUPLICATE_CONTENT_DB
66c152aa-98db-4827-b4c7-fdc2721da2a6,Al Haramain dubai night,23e4c7d7-08fe-427f-b3ec-7625d081d9c2,https://xspvoicelbxlmtqoiolc.supabase.co/storage/v1/object/public/product-images/products/66c152aa-98db-4827-b4c7-fdc2721da2a6/1789227762120-0-3f6799b0-aca5-4b2a-ba06-cb1d7f0e4b65-optimizada.webp,products/66c152aa-98db-4827-b4c7-fdc2721da2a6/1789227762120-0-3f6799b0-aca5-4b2a-ba06-cb1d7f0e4b65-optimizada.webp,12,false,2026-09-12T15:42:42.541596+00:00,true,be284741-1c05-4324-b756-abc13c16b004,2026-09-12T15:42:42.334Z,50728,image/webp,a8c1635ac5153f08c7286c9fea8a3ca4,DUPLICATE_CONTENT_SAME_PRODUCT|DUPLICATE_CONTENT_DB
66c152aa-98db-4827-b4c7-fdc2721da2a6,Al Haramain dubai night,e188e3d0-4cf7-4c98-861d-2e23446ce8a1,https://xspvoicelbxlmtqoiolc.supabase.co/storage/v1/object/public/product-images/products/66c152aa-98db-4827-b4c7-fdc2721da2a6/1789227766996-0-3f6799b0-aca5-4b2a-ba06-cb1d7f0e4b65-optimizada.webp,products/66c152aa-98db-4827-b4c7-fdc2721da2a6/1789227766996-0-3f6799b0-aca5-4b2a-ba06-cb1d7f0e4b65-optimizada.webp,13,false,2026-09-12T15:42:47.383444+00:00,true,00d4b7b2-fab1-4972-918a-5faa74395665,2026-09-12T15:42:47.170Z,50728,image/webp,a8c1635ac5153f08c7286c9fea8a3ca4,DUPLICATE_CONTENT_SAME_PRODUCT|DUPLICATE_CONTENT_DB
66c152aa-98db-4827-b4c7-fdc2721da2a6,Al Haramain dubai night,95686343-4c85-4394-a819-8c2273d2284b,https://xspvoicelbxlmtqoiolc.supabase.co/storage/v1/object/public/product-images/products/66c152aa-98db-4827-b4c7-fdc2721da2a6/1789227769712-0-3f6799b0-aca5-4b2a-ba06-cb1d7f0e4b65-optimizada.webp,products/66c152aa-98db-4827-b4c7-fdc2721da2a6/1789227769712-0-3f6799b0-aca5-4b2a-ba06-cb1d7f0e4b65-optimizada.webp,14,false,2026-09-12T15:42:50.425388+00:00,true,e987aa3c-2231-429e-a1bc-0946d4a3ab7c,2026-09-12T15:42:50.217Z,50728,image/webp,a8c1635ac5153f08c7286c9fea8a3ca4,DUPLICATE_CONTENT_SAME_PRODUCT|DUPLICATE_CONTENT_DB
66c152aa-98db-4827-b4c7-fdc2721da2a6,Al Haramain dubai night,c0d762e5-549a-4072-94d2-6787e6fef37a,https://xspvoicelbxlmtqoiolc.supabase.co/storage/v1/object/public/product-images/products/66c152aa-98db-4827-b4c7-fdc2721da2a6/1789227779302-0-3f6799b0-aca5-4b2a-ba06-cb1d7f0e4b65-optimizada.webp,products/66c152aa-98db-4827-b4c7-fdc2721da2a6/1789227779302-0-3f6799b0-aca5-4b2a-ba06-cb1d7f0e4b65-optimizada.webp,15,false,2026-09-12T15:42:59.686816+00:00,true,441c8509-493a-40bc-8f99-73e33843a9a1,2026-09-12T15:42:59.480Z,50728,image/webp,a8c1635ac5153f08c7286c9fea8a3ca4,DUPLICATE_CONTENT_SAME_PRODUCT|DUPLICATE_CONTENT_DB
66c152aa-98db-4827-b4c7-fdc2721da2a6,Al Haramain dubai night,de4e092a-24ea-4b86-9819-ea3fcc8dae32,https://xspvoicelbxlmtqoiolc.supabase.co/storage/v1/object/public/product-images/products/66c152aa-98db-4827-b4c7-fdc2721da2a6/1789227782736-0-3f6799b0-aca5-4b2a-ba06-cb1d7f0e4b65-optimizada.webp,products/66c152aa-98db-4827-b4c7-fdc2721da2a6/1789227782736-0-3f6799b0-aca5-4b2a-ba06-cb1d7f0e4b65-optimizada.webp,16,false,2026-09-12T15:43:03.121166+00:00,true,6db7edb2-6357-4233-b77e-e19d869c21a5,2026-09-12T15:43:02.919Z,50728,image/webp,a8c1635ac5153f08c7286c9fea8a3ca4,DUPLICATE_CONTENT_SAME_PRODUCT|DUPLICATE_CONTENT_DB
66c152aa-98db-4827-b4c7-fdc2721da2a6,Al Haramain dubai night,33764964-8c9f-444d-a93a-1d127173b1ab,https://xspvoicelbxlmtqoiolc.supabase.co/storage/v1/object/public/product-images/products/66c152aa-98db-4827-b4c7-fdc2721da2a6/1789227786662-0-3f6799b0-aca5-4b2a-ba06-cb1d7f0e4b65-optimizada.webp,products/66c152aa-98db-4827-b4c7-fdc2721da2a6/1789227786662-0-3f6799b0-aca5-4b2a-ba06-cb1d7f0e4b65-optimizada.webp,17,false,2026-09-12T15:43:07.047024+00:00,true,6f6de07c-ea2a-4424-bf6f-6dc1e1f0ad86,2026-09-12T15:43:06.849Z,50728,image/webp,a8c1635ac5153f08c7286c9fea8a3ca4,DUPLICATE_CONTENT_SAME_PRODUCT|DUPLICATE_CONTENT_DB
66c152aa-98db-4827-b4c7-fdc2721da2a6,Al Haramain dubai night,6c27a1ff-ab67-49a6-a227-aed5579710b9,https://xspvoicelbxlmtqoiolc.supabase.co/storage/v1/object/public/product-images/products/66c152aa-98db-4827-b4c7-fdc2721da2a6/1789227791054-0-3f6799b0-aca5-4b2a-ba06-cb1d7f0e4b65-optimizada.webp,products/66c152aa-98db-4827-b4c7-fdc2721da2a6/1789227791054-0-3f6799b0-aca5-4b2a-ba06-cb1d7f0e4b65-optimizada.webp,18,false,2026-09-12T15:43:11.412343+00:00,true,f6dc4fbd-1a9e-40dc-9558-e202f05e1185,2026-09-12T15:43:11.230Z,50728,image/webp,a8c1635ac5153f08c7286c9fea8a3ca4,DUPLICATE_CONTENT_SAME_PRODUCT|DUPLICATE_CONTENT_DB
66c152aa-98db-4827-b4c7-fdc2721da2a6,Al Haramain dubai night,e11477e0-8584-4f4c-98fe-dd213aadaa83,https://xspvoicelbxlmtqoiolc.supabase.co/storage/v1/object/public/product-images/products/66c152aa-98db-4827-b4c7-fdc2721da2a6/1789227793492-0-3f6799b0-aca5-4b2a-ba06-cb1d7f0e4b65-optimizada.webp,products/66c152aa-98db-4827-b4c7-fdc2721da2a6/1789227793492-0-3f6799b0-aca5-4b2a-ba06-cb1d7f0e4b65-optimizada.webp,19,false,2026-09-12T15:43:13.843618+00:00,true,e34e93a6-ad44-42d4-ba44-047d0bedaeeb,2026-09-12T15:43:13.653Z,50728,image/webp,a8c1635ac5153f08c7286c9fea8a3ca4,DUPLICATE_CONTENT_SAME_PRODUCT|DUPLICATE_CONTENT_DB
66c152aa-98db-4827-b4c7-fdc2721da2a6,Al Haramain dubai night,e1dd3fc4-586e-4618-aea8-ca96307ebdc8,https://xspvoicelbxlmtqoiolc.supabase.co/storage/v1/object/public/product-images/products/66c152aa-98db-4827-b4c7-fdc2721da2a6/1789227800191-0-3f6799b0-aca5-4b2a-ba06-cb1d7f0e4b65-optimizada.webp,products/66c152aa-98db-4827-b4c7-fdc2721da2a6/1789227800191-0-3f6799b0-aca5-4b2a-ba06-cb1d7f0e4b65-optimizada.webp,20,false,2026-09-12T15:43:20.56234+00:00,true,5419ec18-a383-40f0-b043-ab2ad190b92e,2026-09-12T15:43:20.367Z,50728,image/webp,a8c1635ac5153f08c7286c9fea8a3ca4,DUPLICATE_CONTENT_SAME_PRODUCT|DUPLICATE_CONTENT_DB
66c152aa-98db-4827-b4c7-fdc2721da2a6,Al Haramain dubai night,1a484d95-4ee9-414e-af15-a0cf11cbbd1b,https://xspvoicelbxlmtqoiolc.supabase.co/storage/v1/object/public/product-images/products/66c152aa-98db-4827-b4c7-fdc2721da2a6/1789227804244-0-3f6799b0-aca5-4b2a-ba06-cb1d7f0e4b65-optimizada.webp,products/66c152aa-98db-4827-b4c7-fdc2721da2a6/1789227804244-0-3f6799b0-aca5-4b2a-ba06-cb1d7f0e4b65-optimizada.webp,21,false,2026-09-12T15:43:24.582947+00:00,true,9d6b08e0-ffd6-4acf-9b32-976d23c7ba50,2026-09-12T15:43:24.396Z,50728,image/webp,a8c1635ac5153f08c7286c9fea8a3ca4,DUPLICATE_CONTENT_SAME_PRODUCT|DUPLICATE_CONTENT_DB
66c152aa-98db-4827-b4c7-fdc2721da2a6,Al Haramain dubai night,98d749f3-1b20-4df8-a783-ff97e6a3056f,https://xspvoicelbxlmtqoiolc.supabase.co/storage/v1/object/public/product-images/products/66c152aa-98db-4827-b4c7-fdc2721da2a6/1789227806735-0-3f6799b0-aca5-4b2a-ba06-cb1d7f0e4b65-optimizada.webp,products/66c152aa-98db-4827-b4c7-fdc2721da2a6/1789227806735-0-3f6799b0-aca5-4b2a-ba06-cb1d7f0e4b65-optimizada.webp,22,false,2026-09-12T15:43:27.247989+00:00,true,4dc5ec37-8843-4f4b-896e-0eb0eefeebce,2026-09-12T15:43:27.075Z,50728,image/webp,a8c1635ac5153f08c7286c9fea8a3ca4,DUPLICATE_CONTENT_SAME_PRODUCT|DUPLICATE_CONTENT_DB
66c152aa-98db-4827-b4c7-fdc2721da2a6,Al Haramain dubai night,4ad16a75-ef19-486b-ae9c-62fb904ca31d,https://xspvoicelbxlmtqoiolc.supabase.co/storage/v1/object/public/product-images/products/66c152aa-98db-4827-b4c7-fdc2721da2a6/1789227810573-0-3f6799b0-aca5-4b2a-ba06-cb1d7f0e4b65-optimizada.webp,products/66c152aa-98db-4827-b4c7-fdc2721da2a6/1789227810573-0-3f6799b0-aca5-4b2a-ba06-cb1d7f0e4b65-optimizada.webp,23,false,2026-09-12T15:43:30.953414+00:00,true,37d103ad-e006-4471-a67d-3b2fc241be73,2026-09-12T15:43:30.759Z,50728,image/webp,a8c1635ac5153f08c7286c9fea8a3ca4,DUPLICATE_CONTENT_SAME_PRODUCT|DUPLICATE_CONTENT_DB
66c152aa-98db-4827-b4c7-fdc2721da2a6,Al Haramain dubai night,c86c3610-e101-472e-8509-45fb379bbea6,https://xspvoicelbxlmtqoiolc.supabase.co/storage/v1/object/public/product-images/products/66c152aa-98db-4827-b4c7-fdc2721da2a6/1789227813740-0-3f6799b0-aca5-4b2a-ba06-cb1d7f0e4b65-optimizada.webp,products/66c152aa-98db-4827-b4c7-fdc2721da2a6/1789227813740-0-3f6799b0-aca5-4b2a-ba06-cb1d7f0e4b65-optimizada.webp,24,false,2026-09-12T15:43:34.125742+00:00,true,c4bbdb01-9df6-4012-820b-2823ffb171bd,2026-09-12T15:43:33.928Z,50728,image/webp,a8c1635ac5153f08c7286c9fea8a3ca4,DUPLICATE_CONTENT_SAME_PRODUCT|DUPLICATE_CONTENT_DB
66c152aa-98db-4827-b4c7-fdc2721da2a6,Al Haramain dubai night,49437a22-4271-4f5c-9aae-0942a7e5b698,https://xspvoicelbxlmtqoiolc.supabase.co/storage/v1/object/public/product-images/products/66c152aa-98db-4827-b4c7-fdc2721da2a6/1789227821526-0-3f6799b0-aca5-4b2a-ba06-cb1d7f0e4b65-optimizada.webp,products/66c152aa-98db-4827-b4c7-fdc2721da2a6/1789227821526-0-3f6799b0-aca5-4b2a-ba06-cb1d7f0e4b65-optimizada.webp,25,false,2026-09-12T15:43:42.029719+00:00,true,e4f1c9b7-a512-4b02-aa84-cac93097a081,2026-09-12T15:43:41.831Z,50728,image/webp,a8c1635ac5153f08c7286c9fea8a3ca4,DUPLICATE_CONTENT_SAME_PRODUCT|DUPLICATE_CONTENT_DB
ad228c7e-6279-424f-a436-36e85685e5b8,Lattafa Eclaire,9daaefdc-abcf-4f00-8ece-58892784d48c,https://xspvoicelbxlmtqoiolc.supabase.co/storage/v1/object/public/product-images/products/ad228c7e-6279-424f-a436-36e85685e5b8/1789229590252-0-f085659f-287f-4727-8d85-8ffc710516d3-optimizada.webp,products/ad228c7e-6279-424f-a436-36e85685e5b8/1789229590252-0-f085659f-287f-4727-8d85-8ffc710516d3-optimizada.webp,0,true,2026-09-12T16:13:10.725738+00:00,true,b9457889-a062-421f-919d-296a44a0da9b,2026-09-12T16:13:10.517Z,51010,image/webp,3e10629eda8f82798a361afe1599ad41,
2e51cf34-5c02-42ff-867e-7a06d8bf273b,CONFIDENTIAL GOLD - 100ML,e44a9fe4-5367-42ce-8fe5-1431f5575bf0,https://xspvoicelbxlmtqoiolc.supabase.co/storage/v1/object/public/product-images/products/2e51cf34-5c02-42ff-867e-7a06d8bf273b/1789248291969-0-img-9606-optimizada.webp,products/2e51cf34-5c02-42ff-867e-7a06d8bf273b/1789248291969-0-img-9606-optimizada.webp,0,true,2026-09-12T21:24:52.62518+00:00,true,155f458c-37b0-4a19-8a7f-d52723441525,2026-09-12T21:24:52.176Z,51648,image/webp,524ea0d1cf9d3ec445a373c4a090b9ac,
f57365ec-33f2-4807-aa64-18a77c00b00b,SALVO ELIXIR - 60ML,d6a73706-eb09-42da-9e4c-0ddf7ddfb1f9,https://xspvoicelbxlmtqoiolc.supabase.co/storage/v1/object/public/product-images/products/f57365ec-33f2-4807-aa64-18a77c00b00b/1789599986328-0-img-9605-optimizada.webp,products/f57365ec-33f2-4807-aa64-18a77c00b00b/1789599986328-0-img-9605-optimizada.webp,0,true,2026-09-16T23:06:27.085871+00:00,true,7de3bfc3-5d70-46aa-84ce-05571ee4fa10,2026-09-16T23:06:26.879Z,46768,image/webp,3c9a39d85fa2468d30358d5eab141c8a,
314ab75f-58b3-49c5-8602-cda72295d855,Uomo itense,e4c86835-2707-4ee8-9047-e03b4a56f89f,https://xspvoicelbxlmtqoiolc.supabase.co/storage/v1/object/public/product-images/products/314ab75f-58b3-49c5-8602-cda72295d855/1789600945890-0-img-1206-optimizada.webp,products/314ab75f-58b3-49c5-8602-cda72295d855/1789600945890-0-img-1206-optimizada.webp,0,true,2026-09-16T23:22:26.687012+00:00,true,cd71fe81-e1cd-491f-969b-21cafe2f815f,2026-09-16T23:22:26.487Z,60626,image/webp,3ece0054dc9186b8280ddd3528b5b2f4,
6ca63ce3-5694-418f-90a8-5d8043f4c2f5,French Avenue Liquid Broun,1c82f105-059c-4ea7-9044-c6036e954e10,https://xspvoicelbxlmtqoiolc.supabase.co/storage/v1/object/public/product-images/products/6ca63ce3-5694-418f-90a8-5d8043f4c2f5/1789601319065-0-37e6f25d-987d-4ebd-9f61-cb46a2aaf76f-optimizada.webp,products/6ca63ce3-5694-418f-90a8-5d8043f4c2f5/1789601319065-0-37e6f25d-987d-4ebd-9f61-cb46a2aaf76f-optimizada.webp,0,true,2026-09-16T23:28:39.481961+00:00,true,5e499244-1d75-4609-91c2-434d5b394459,2026-09-16T23:28:39.285Z,48090,image/webp,078bd3764d4d93b14b9bc1d00694716a,
c6ab646e-ea3c-4ca9-928a-3f518e49f5e6,HOMME BLACK - 100ML,8886545d-030b-4e64-99be-df1994ecfe03,https://xspvoicelbxlmtqoiolc.supabase.co/storage/v1/object/public/product-images/products/c6ab646e-ea3c-4ca9-928a-3f518e49f5e6/1790812472459-0-img-0779-optimizada.webp,products/c6ab646e-ea3c-4ca9-928a-3f518e49f5e6/1790812472459-0-img-0779-optimizada.webp,0,true,2026-09-30T23:54:33.121191+00:00,true,50988f63-4fb7-43a3-a1bd-fd1f58903b0c,2026-09-30T23:54:32.654Z,22414,image/webp,21fca3f0d5407aff224aa7a5cf07305d,
1dc53fdd-4eb8-4b60-b8ef-5eba96dc2cb2,Vaso Cervecero Stanley,1dbacf99-5faf-4294-9c7e-e26111d14f13,https://xspvoicelbxlmtqoiolc.supabase.co/storage/v1/object/public/product-images/products/1dc53fdd-4eb8-4b60-b8ef-5eba96dc2cb2/1791041868693-0-img-1761-optimizada.webp,products/1dc53fdd-4eb8-4b60-b8ef-5eba96dc2cb2/1791041868693-0-img-1761-optimizada.webp,0,true,2026-10-03T15:37:49.348687+00:00,true,1811411d-3c77-4c5d-95ef-796358a5f41b,2026-10-03T15:37:48.890Z,53564,image/webp,b215b4f14e42986a2509c4f8ea775139,
631dc501-2496-4c4f-9900-b0b14fbd19d2,Club de Nuit Intense Man,1da7b777-8b76-57f2-9d43-45c59f17248e,https://xspvoicelbxlmtqoiolc.supabase.co/storage/v1/object/public/product-images/products/631dc501-2496-4c4f-9900-b0b14fbd19d2/2283c3f9a52ddca980b74284862a3374-4e03dfa4-8dcf-4fdc-8c0a-c63730b0be8a-optimizada.webp,products/631dc501-2496-4c4f-9900-b0b14fbd19d2/2283c3f9a52ddca980b74284862a3374-4e03dfa4-8dcf-4fdc-8c0a-c63730b0be8a-optimizada.webp,0,true,2026-10-04T03:37:08.836361+00:00,true,4f88c4e7-93a9-4226-b35c-0d98561dd6b4,2026-10-04T03:37:08.642Z,56102,image/webp,2283c3f9a52ddca980b74284862a3374,
bedb3ca2-68ed-4158-a00f-4b203b4d8f92,Qaed Al Fursan Untamed,783d8c8c-2283-5482-9f58-c776dbe78c25,https://xspvoicelbxlmtqoiolc.supabase.co/storage/v1/object/public/product-images/products/bedb3ca2-68ed-4158-a00f-4b203b4d8f92/904022a6da1fb96a0d70269d0263a39c-img-9603-optimizada.webp,products/bedb3ca2-68ed-4158-a00f-4b203b4d8f92/904022a6da1fb96a0d70269d0263a39c-img-9603-optimizada.webp,0,true,2026-10-04T03:39:03.378186+00:00,true,6902cc01-ef67-4ff0-b6d6-185f2059708d,2026-10-04T03:39:02.925Z,60898,image/webp,904022a6da1fb96a0d70269d0263a39c,
2c39e1c9-cc23-4d4c-bb5d-8469f87e666b,Mate Torpedo animal print 100% cuero,10dde315-5813-52b9-a196-cfb257b350a9,https://xspvoicelbxlmtqoiolc.supabase.co/storage/v1/object/public/product-images/products/2c39e1c9-cc23-4d4c-bb5d-8469f87e666b/f79fe37f2d38749557a3f00f943868dc-img-5950-optimizada.webp,products/2c39e1c9-cc23-4d4c-bb5d-8469f87e666b/f79fe37f2d38749557a3f00f943868dc-img-5950-optimizada.webp,0,true,2026-10-04T03:48:48.792075+00:00,true,a6f036a9-d5c1-4791-8a5e-ffcd3c81d951,2026-10-04T03:48:48.250Z,69580,image/webp,f79fe37f2d38749557a3f00f943868dc,
2c39e1c9-cc23-4d4c-bb5d-8469f87e666b,Mate Torpedo animal print 100% cuero,e969a76e-2d3d-52ff-94e6-9b813ba6a3f7,https://xspvoicelbxlmtqoiolc.supabase.co/storage/v1/object/public/product-images/products/2c39e1c9-cc23-4d4c-bb5d-8469f87e666b/ac923da68727068a24b4aa4b48f0b16d-img-0718-optimizada.webp,products/2c39e1c9-cc23-4d4c-bb5d-8469f87e666b/ac923da68727068a24b4aa4b48f0b16d-img-0718-optimizada.webp,1,false,2026-10-04T03:48:48.792075+00:00,true,89b4e2e7-ad74-40cb-919d-a8941a3c656d,2026-10-04T03:48:48.620Z,53256,image/webp,ac923da68727068a24b4aa4b48f0b16d,
2c39e1c9-cc23-4d4c-bb5d-8469f87e666b,Mate Torpedo animal print 100% cuero,2c529829-fb9c-508b-9ed9-a66abe1d2a6a,https://xspvoicelbxlmtqoiolc.supabase.co/storage/v1/object/public/product-images/products/2c39e1c9-cc23-4d4c-bb5d-8469f87e666b/923966aa646c538e7b8d67a2c0ad6696-img-5784-optimizada.webp,products/2c39e1c9-cc23-4d4c-bb5d-8469f87e666b/923966aa646c538e7b8d67a2c0ad6696-img-5784-optimizada.webp,2,false,2026-10-04T03:49:00.617497+00:00,true,08cffaca-d48e-4358-b0a7-9361b08f8205,2026-10-04T03:49:00.405Z,61634,image/webp,923966aa646c538e7b8d67a2c0ad6696,
6d1059a4-9226-415a-ac5a-163b9545b04a,Mate Torpedo animal print alpaca cincelada,d4a3ae94-1018-582e-bbfd-734bf8381578,https://xspvoicelbxlmtqoiolc.supabase.co/storage/v1/object/public/product-images/products/6d1059a4-9226-415a-ac5a-163b9545b04a/8b7f880268656bbf363332c0a686f9c0-img-5794-optimizada.webp,products/6d1059a4-9226-415a-ac5a-163b9545b04a/8b7f880268656bbf363332c0a686f9c0-img-5794-optimizada.webp,0,true,2026-10-04T03:51:30.296428+00:00,true,ed360bda-2992-44e2-af0d-b999ada9f295,2026-10-04T03:51:30.088Z,57824,image/webp,8b7f880268656bbf363332c0a686f9c0,
7d2416cf-c123-4040-8617-1fb75de38e6e,CONFIDENTIAL GOLD - 100M,06495fbe-aa3e-5695-b1a1-c70571ad3526,https://xspvoicelbxlmtqoiolc.supabase.co/storage/v1/object/public/product-images/products/7d2416cf-c123-4040-8617-1fb75de38e6e/be7eabe25fa6cdb03a7090c08817cc10-img-9606-optimizada.webp,products/7d2416cf-c123-4040-8617-1fb75de38e6e/be7eabe25fa6cdb03a7090c08817cc10-img-9606-optimizada.webp,0,true,2026-10-04T03:52:19.956849+00:00,true,b41fa5a6-3791-4f34-88b9-cfcb742a5b87,2026-10-04T03:52:19.541Z,65840,image/webp,be7eabe25fa6cdb03a7090c08817cc10,
e7ceb4e9-34e4-469b-b225-5de2e3cb5a8a,Mate Imperial Animal Print  virola cincelada con aplique,b21171fe-4acd-55ef-99c3-36c09cf17701,https://xspvoicelbxlmtqoiolc.supabase.co/storage/v1/object/public/product-images/products/e7ceb4e9-34e4-469b-b225-5de2e3cb5a8a/e259eae8f29745dbebb130e872b94199-8cb700fd-11fd-4efa-9a2e-8eee0d8267d4-optimizada.webp,products/e7ceb4e9-34e4-469b-b225-5de2e3cb5a8a/e259eae8f29745dbebb130e872b94199-8cb700fd-11fd-4efa-9a2e-8eee0d8267d4-optimizada.webp,0,true,2026-10-04T03:54:34.220733+00:00,true,1cd636ba-5ea2-43c3-9267-cfa2c80c773d,2026-10-04T03:54:34.041Z,109994,image/webp,e259eae8f29745dbebb130e872b94199,
66c152aa-98db-4827-b4c7-fdc2721da2a6,,,,products/66c152aa-98db-4827-b4c7-fdc2721da2a6/1789227660446-0-3f6799b0-aca5-4b2a-ba06-cb1d7f0e4b65-optimizada.webp,,,,true,16ea518d-dde3-4ab3-880f-2cc2c350d626,2026-09-12T15:41:00.644Z,50728,image/webp,a8c1635ac5153f08c7286c9fea8a3ca4,STORAGE_ORPHAN
