product_id,name,slug,sku,category,price,transfer_price,stock,brand,type,supplier,commercial_category,olfactory_family,intensity,occasion,gender
6de8ca53-7561-4353-b3f6-99b6da9a9c3c,Afnan 9 AM DIVE,afnan-9-am-dive,,Perfumes,87667.53,67504,0,,Perfumes,,,,,,
9c07ceb2-4d7a-407c-898b-e0cb43fc008e,Afnan 9 PM Elixir,afnan-9-pm-elixir,,Perfumes,132467.53,102000,0,Afnan,Perfumes,,,,,,
32ccb5e4-1854-4f3d-9b33-136ae2c2502a,Afnan Turathi Blue,afnan-turathi-blue,,Perfumes,99431.49,76562.25,0,,Perfumes,COLD IMPORTADOR DIRECTO,,,,,
469e3f38-36cc-45fd-bc6e-5bd558d3acf1,Al Haramain Amber Oud Gold Edition,al-haramain-amber-oud-gold-edition,,Perfumes,162977.45,125492.64,0,,Perfumes,,,,,,
66c152aa-98db-4827-b4c7-fdc2721da2a6,Al Haramain dubai night,al-haramain-dubai-night,,Perfumes,143803.64,110728.8,0,,Perfumes,,,,,,
54295ff4-ea05-4e7d-8f53-2924ccf16f9c,Badee Al Oud For Glory (Black),badee-al-oud-for-glory-black,,Perfumes,73566.72,56646.38,0,,Perfumes,,,,,,
5b729e4c-e54e-4e59-985f-42e3ce60e30d,BHARARA King,bharara-king,,Perfumes,147329.22,113443.5,0,,Perfumes,,,,,,
72917d13-012c-4ea2-a05a-7c324ef38b3c,BHARARA King Parfum,bharara-king-parfum,,Perfumes,153743.18,118382.25,0,,Perfumes,,,,,,
631dc501-2496-4c4f-9900-b0b14fbd19d2,Club de Nuit Intense Man,club-de-nuit-intense-man,,Perfumes,106071.43,81675,0,,Perfumes,,,,,,
5f7a5f98-ef5b-447c-a9d4-49bcc840903c,CLUB DE NUIT SILLAGE,club-de-nuit-sillage,,Perfumes,110454.55,85050,0,Armaf,Perfumes,COLD IMPORTADOR DIRECTO,,,,,
2e51cf34-5c02-42ff-867e-7a06d8bf273b,CONFIDENTIAL GOLD - 100ML,confidential-gold-100ml,,Perfumes,74103.9,57060,0,,Perfumes,,,,,,
8d828391-4a86-4eb9-bb6a-f384bc3e1d7d,Decant Game of Spades Full House 5ml,decant-game-of-spades-full-house,,Perfumes,21818.18,16800,1,,Accesorios,,,,,,
2db67b25-6e37-446a-8e98-5f626d5efc63,Decant hawas elixir,decant-hawas-elixir,,Perfumes,17142.86,13200,1,,Accesorios,,,,,,
f91c4caa-32bb-4450-8a87-25422095257b,Decant hawas fire,decant-hawas-fire,,Perfumes,17142.86,13200,1,,Accesorios,,,,,,
8f06198a-0199-407d-9d5d-9e7c38bcd578,Decant hawas Kobra 5ml,decant-hawas-kobra,,Perfumes,17142.86,13200,1,,Accesorios,,,,,,
0be4f17b-4888-466f-ad13-3643a645f730,Decant hawas malibu 5ml,decant-hawas-malibu,,Perfumes,19740.26,15200,1,,Accesorios,,,,,,
fe29c305-f0f8-4752-855c-c785be1046ac,Decant hawas tropical 5ml,decant-hawas-tropical,,Perfumes,19740.26,15200,1,,Accesorios,,,,,,
b6db64db-4768-43f9-aadd-e72f24d6d318,Decant hawas verde,decant-hawas-verde,,Perfumes,17142.86,13200,1,,Accesorios,,,,,,
e5b37a2f-ab84-4009-b8d3-1a6f307c3eda,Decant Lattafa Kahambra,decant-lattafa-kahambra,,Perfumes,17142.86,13200,1,,Accesorios,,,,,,
8ca47237-b9ae-4720-a8be-043ecd104ed7,Decant liquid brun,decant-liquid-brun,,Perfumes,17142.86,13200,1,,Accesorios,,,,,,
3e52b75d-007c-4637-8ad7-3dd3a8efb159,Decant Rayhaan elixir,decant-rayhaan-elixir,,Perfumes,17142.86,13200,4,,Accesorios,,,,,,
c7659a2a-4bb5-439c-ba18-a62d2dd0c121,Fakhar Rose Gold,fakhar-rose-gold,,Perfumes,105194.81,81000,0,,Perfumes,COLD IMPORTADOR DIRECTO,,,,,
6ca63ce3-5694-418f-90a8-5d8043f4c2f5,French Avenue Liquid Broun,french-avenue-liquid-broun,,Perfumes,131844.16,101520,0,,Perfumes,,,,,,
b5cb8397-6821-4f8d-bc77-cb335e757ef4,Hawas Elixir,hawas-elixir,,Perfumes,107142.86,82500,0,,Perfumes,,,,,,
9858eda6-63fb-41f7-9ba1-ab6e93d1f9b8,Hawas Fire Rasasi,hawas-fire-rasasi,,Perfumes,119805.19,92250,0,,Perfumes,COLD IMPORTADOR DIRECTO,,,,,
c6ab646e-ea3c-4ca9-928a-3f518e49f5e6,HOMME BLACK - 100ML,homme-black-100ml,,Perfumes,99818.18,76860,0,,Perfumes,COLD IMPORTADOR DIRECTO,,,,,
147395ec-1a0b-4f54-9904-f27d2a88f12f,LA VIVACITE INTESA - 100ML,la-vivacite-intesa-100ml,,Perfumes,76168.83,58650,0,,Perfumes,,,,,,
bd7930a6-65c3-4e3b-b85f-1cb1b56d6835,LATTAFA ASAD,lattafa-asad,,Perfumes,95844.16,73800,0,Lattafa,Perfumes,COLD IMPORTADOR DIRECTO,,,,,
13627ebe-ca04-46e0-9d26-d2861d1ee4a5,Lattafa Asad Bourbon,lattafa-asad-bourbon,,Perfumes,113961.04,87750,0,Lattafa,Perfumes,,,,,,
b58d9866-5d03-4f63-994d-762108522492,Lattafa Bade'e Al Oud Sublime,lattafa-bade-e-al-oud-sublime,,Perfumes,80649.35,62100,0,Lattafa,Perfumes,COLD IMPORTADOR DIRECTO,,,,,
ad228c7e-6279-424f-a436-36e85685e5b8,Lattafa Eclaire,lattafa-eclaire,,Perfumes,110129.87,84800,0,,Perfumes,,,,,,
9a56021e-9a8c-4bc6-a937-996d46faec61,Lattafa Khamrah,lattafa-khamrah,,Perfumes,84448,65025,1,Lattafa,Fragancia importada,,,,,,
aa3a931a-ef24-40b9-b65b-d2e2acd87a2b,LATTAFA KHAMRAH - 100ML,lattafa-khamrah-100ml,,Perfumes,96480.52,74290,0,,Perfumes,,,,,,
f044976f-c174-445b-8349-d5c62c424a56,LATTAFA MAYAR - 100ML,lattafa-mayar-100ml,,Perfumes,83629.87,64395,0,,Perfumes,,,,,,
111846de-d228-438a-885b-f2a426a38489,Lattafa Mayar Natural Intense,lattafa-mayar-natural-intense,,Perfumes,80000,61600,0,,Perfumes,COLD IMPORTADOR DIRECTO,,,,,
540bdab9-469a-4c01-b122-e3c70557251f,Lattafa Musamam White Intense,lattafa-musamam-white-intense,,Perfumes,131098.73,100946.03,0,,Perfumes,COLD IMPORTADOR DIRECTO,,,,,
65027262-d36d-4230-a859-40a007489bfa,Lattafa Opulent Dubai,lattafa-opulent-dubai,,Perfumes,81888,63054,1,Lattafa,Perfume,,,,,,
1354e3bc-2fa3-486d-a43a-d38da696f160,Lattafa Pride Nebras,lattafa-pride-nebras,,Perfumes,82792.21,63750,0,Lattafa,Perfumes,COLD IMPORTADOR DIRECTO,,,,,
1a0e151a-fe10-4276-9b0e-a3db50759c41,Lattafa Qaed Al Fursan,lattafa-qaed-al-fursan,,Perfumes,72103.9,55520,0,Lattafa,Perfumes,COLD IMPORTADOR DIRECTO,,,,,
a6158818-9fa9-4762-a98f-06d6f7a8afb3,Lattafa Yara Candy,lattafa-yara-candy,,Perfumes,86649.35,66720,0,,Perfumes,COLD IMPORTADOR DIRECTO,,,,,
900a7c30-7412-4da3-b300-7d013044e853,Lattafa Yara moi,lattafa-yara-moi,,Perfumes,84363.64,64960,0,Lattafa,Perfumes,COLD IMPORTADOR DIRECTO,,,,,
f1cb2323-0e7f-49d6-a26f-110595c90e55,Lattafa Yara Rosa,lattafa-yara-rosa,,Perfumes,87077.92,67050,0,Lattafa,Perfumes,,,,,,
05b34469-3eb8-4148-8e97-9a19f1c2df6e,Lattafa Yara Rosa,perfume-yara-rosa,,Perfumes,71763,55257,1,Lattafa,Perfume,,,,,,
ef80b721-2c20-466d-8584-a9ab852dd6ca,Lattafa Yara Tous,lattafa-yara-tous,,Perfumes,88207.79,67920,0,,Perfumes,,,,,,
e53066cc-9c35-47e2-8d27-0fe5fb425ce8,Lattafa Yara Tous,perfume-lattafa-yara-tous,,Perfumes,66349,51088,2,SFSTORE,Perfume,,,,,,
63350249-ae3f-457d-8e5f-e3bb60be80e3,Odyseey Limoni,odyseey-limoni,,Perfumes,77922.08,60000,0,,Perfumes,COLD IMPORTADOR DIRECTO,,,,,
73070e5d-763d-4d39-af59-957126199cab,Odyssey Aqua,odyssey-aqua,,Perfumes,112207.79,86400,0,,Perfumes,,,,,,
53dda192-fa55-4d00-8deb-592b5f8deb4e,Odyssey Artisto,odyssey-artisto,,Perfumes,111601.69,85933.3,0,,Perfumes,COLD IMPORTADOR DIRECTO,,,,,
0c177ab6-1db8-4692-8bda-2ec0dcb7156a,Odyssey Go Mango,odyssey-go-mango,,Perfumes,146373.7,112707.75,0,,Perfumes,COLD IMPORTADOR DIRECTO,,,,,
b93f703a-2a95-4167-b9ea-168c380456b3,ODYSSEY MANDARIN SKY,odyssey-mandarin-sky,,Perfumes,93506.49,72000,0,,Perfumes,COLD IMPORTADOR DIRECTO,,,,,
68c61d33-eb0e-4078-85fd-4481f7856451,Odyssey Mega,odyssey-mega,,Perfumes,78896.1,60750,0,,Perfumes,,,,,,
f65ba129-7183-4894-bd1c-c9676df030ad,Odyssey Wild One,odyssey-wild-one,,Perfumes,95844.16,73800,0,,Perfumes,COLD IMPORTADOR DIRECTO,,,,,
917dd573-dc58-435a-85a4-c6b55bcd7ffc,Opulent Dubai,opulent-dubai,,Perfumes,93506.49,72000,0,,Perfumes,,,,,,
4d1af887-4b48-4be4-82e1-c0d9effb1a30,PHILOS PURA - 100ML,philos-pura-100ml,,Perfumes,82402.6,63450,0,,Perfumes,,,,,,
bedb3ca2-68ed-4158-a00f-4b203b4d8f92,Qaed Al Fursan Untamed,qaed-al-fursan-untamed,,Perfumes,74805.19,57600,0,,Perfumes,,,,,,
880dfa55-41c2-4275-91e7-ca7def54ec14,Rasasi Hawas For Him,rasasi-hawas-for-him,,Perfumes,90301.98,69533,1,Rasasi,Fragancia importada,,,,,,
7d334fd0-24b8-422a-a5bd-daa7de0e2947,RASSASI HAWAS FOR HIM,rassasi-hawas-for-him,,Perfumes,99740.26,76800,0,,Perfumes,COLD IMPORTADOR DIRECTO,,,,,
f57365ec-33f2-4807-aa64-18a77c00b00b,SALVO ELIXIR - 60ML,salvo-elixir-60ml,,Perfumes,79584.42,61280,0,,Perfumes,,,,,,
d26152c8-44cf-4db0-9dc6-b46e728f85e0,Sceptre Malachite Maison Alhambra,sceptre-malachite-maison-alhambra,,Perfumes,82361.56,63418.4,0,,Perfumes,,,,,,
314ab75f-58b3-49c5-8602-cda72295d855,Uomo itense,uomo-itense,,Perfumes,141298.7,108800,0,,Perfumes,,,,,,
3593d659-714c-40ed-9231-8e57064c0fc3,Vulcan Feu French Avenue,vulcan-feu-french-avenue,,Perfumes,138437.34,106596.75,0,,Perfumes,,,,,,
919056a3-1dc9-4ae0-9f90-fbba8cf58be9,YARA ELIXIR - 100ML,yara-elixir-100ml,,Perfumes,106168.83,81750,0,,Perfumes,,,,,,
